03-Jul-2025 10:42:11.434 INFO [main] org.apache.catalina.startup.VersionLoggerListener.log Server version name:   Apache Tomcat/9.0.106
03-Jul-2025 10:42:11.444 INFO [main] org.apache.catalina.startup.VersionLoggerListener.log Server built:          Jun 5 2025 19:02:30 UTC
03-Jul-2025 10:42:11.446 INFO [main] org.apache.catalina.startup.VersionLoggerListener.log Server version number: 9.0.106.0
03-Jul-2025 10:42:11.446 INFO [main] org.apache.catalina.startup.VersionLoggerListener.log OS Name:               Windows 11
03-Jul-2025 10:42:11.447 INFO [main] org.apache.catalina.startup.VersionLoggerListener.log OS Version:            10.0
03-Jul-2025 10:42:11.448 INFO [main] org.apache.catalina.startup.VersionLoggerListener.log Architecture:          amd64
03-Jul-2025 10:42:11.448 INFO [main] org.apache.catalina.startup.VersionLoggerListener.log Java Home:             C:\Program Files\Java\jdk-19
03-Jul-2025 10:42:11.449 INFO [main] org.apache.catalina.startup.VersionLoggerListener.log JVM Version:           19.0.1+10-21
03-Jul-2025 10:42:11.450 INFO [main] org.apache.catalina.startup.VersionLoggerListener.log JVM Vendor:            Oracle Corporation
03-Jul-2025 10:42:11.450 INFO [main] org.apache.catalina.startup.VersionLoggerListener.log CATALINA_BASE:         D:\Projects\socket_assingment\FruitServiceEngine\tomcat9
03-Jul-2025 10:42:11.451 INFO [main] org.apache.catalina.startup.VersionLoggerListener.log CATALINA_HOME:         D:\Projects\socket_assingment\FruitServiceEngine\tomcat9
03-Jul-2025 10:42:11.490 INFO [main] org.apache.catalina.startup.VersionLoggerListener.log Command line argument: --add-opens=java.base/java.lang=ALL-UNNAMED
03-Jul-2025 10:42:11.491 INFO [main] org.apache.catalina.startup.VersionLoggerListener.log Command line argument: --add-opens=java.base/java.lang.invoke=ALL-UNNAMED
03-Jul-2025 10:42:11.492 INFO [main] org.apache.catalina.startup.VersionLoggerListener.log Command line argument: --add-opens=java.base/java.lang.reflect=ALL-UNNAMED
03-Jul-2025 10:42:11.493 INFO [main] org.apache.catalina.startup.VersionLoggerListener.log Command line argument: --add-opens=java.base/java.io=ALL-UNNAMED
03-Jul-2025 10:42:11.494 INFO [main] org.apache.catalina.startup.VersionLoggerListener.log Command line argument: --add-opens=java.base/java.util=ALL-UNNAMED
03-Jul-2025 10:42:11.495 INFO [main] org.apache.catalina.startup.VersionLoggerListener.log Command line argument: --add-opens=java.base/java.util.concurrent=ALL-UNNAMED
03-Jul-2025 10:42:11.496 INFO [main] org.apache.catalina.startup.VersionLoggerListener.log Command line argument: --add-opens=java.rmi/sun.rmi.transport=ALL-UNNAMED
03-Jul-2025 10:42:11.497 INFO [main] org.apache.catalina.startup.VersionLoggerListener.log Command line argument: -Djava.util.logging.config.file=D:\Projects\socket_assingment\FruitServiceEngine\tomcat9\conf\logging.properties
03-Jul-2025 10:42:11.499 INFO [main] org.apache.catalina.startup.VersionLoggerListener.log Command line argument: -Djava.util.logging.manager=org.apache.juli.ClassLoaderLogManager
03-Jul-2025 10:42:11.499 INFO [main] org.apache.catalina.startup.VersionLoggerListener.log Command line argument: -Djdk.tls.ephemeralDHKeySize=2048
03-Jul-2025 10:42:11.500 INFO [main] org.apache.catalina.startup.VersionLoggerListener.log Command line argument: -Djava.protocol.handler.pkgs=org.apache.catalina.webresources
03-Jul-2025 10:42:11.500 INFO [main] org.apache.catalina.startup.VersionLoggerListener.log Command line argument: -Dsun.io.useCanonCaches=false
03-Jul-2025 10:42:11.501 INFO [main] org.apache.catalina.startup.VersionLoggerListener.log Command line argument: -Dignore.endorsed.dirs=
03-Jul-2025 10:42:11.502 INFO [main] org.apache.catalina.startup.VersionLoggerListener.log Command line argument: -Dcatalina.base=D:\Projects\socket_assingment\FruitServiceEngine\tomcat9
03-Jul-2025 10:42:11.503 INFO [main] org.apache.catalina.startup.VersionLoggerListener.log Command line argument: -Dcatalina.home=D:\Projects\socket_assingment\FruitServiceEngine\tomcat9
03-Jul-2025 10:42:11.504 INFO [main] org.apache.catalina.startup.VersionLoggerListener.log Command line argument: -Djava.io.tmpdir=D:\Projects\socket_assingment\FruitServiceEngine\tomcat9\temp
03-Jul-2025 10:42:11.975 INFO [main] org.apache.catalina.core.AprLifecycleListener.lifecycleEvent Loaded Apache Tomcat Native library [1.3.1] using APR version [1.7.4].
03-Jul-2025 10:42:11.975 INFO [main] org.apache.catalina.core.AprLifecycleListener.lifecycleEvent APR capabilities: IPv6 [true], sendfile [true], accept filters [false], random [true], UDS [true].
03-Jul-2025 10:42:11.976 INFO [main] org.apache.catalina.core.AprLifecycleListener.lifecycleEvent APR/OpenSSL configuration: useAprConnector [false], useOpenSSL [true]
03-Jul-2025 10:42:12.013 INFO [main] org.apache.catalina.core.AprLifecycleListener.initializeSSL OpenSSL successfully initialized [OpenSSL 3.0.14 4 Jun 2024]
03-Jul-2025 10:42:13.006 INFO [main] org.apache.coyote.AbstractProtocol.init Initializing ProtocolHandler ["http-nio-8080"]
03-Jul-2025 10:42:13.085 INFO [main] org.apache.catalina.startup.Catalina.load Server initialization in [2222] milliseconds
03-Jul-2025 10:42:13.250 INFO [main] org.apache.catalina.core.StandardService.startInternal Starting service [Catalina]
03-Jul-2025 10:42:13.251 INFO [main] org.apache.catalina.core.StandardEngine.startInternal Starting Servlet engine: [Apache Tomcat/9.0.106]
03-Jul-2025 10:42:13.515 INFO [main] org.apache.catalina.startup.HostConfig.deployWAR Deploying web application archive [D:\Projects\socket_assingment\FruitServiceEngine\tomcat9\webapps\fruitserviceengine.war]
03-Jul-2025 10:42:13.559 INFO [main] org.apache.catalina.startup.ExpandWar.expand An expanded directory [D:\Projects\socket_assingment\FruitServiceEngine\tomcat9\webapps\fruitserviceengine] was found with a last modified time that did not match the associated WAR. It will be deleted.
03-Jul-2025 10:42:14.050 SEVERE [main] org.apache.catalina.startup.HostConfig.deployWAR Error deploying web application archive [D:\Projects\socket_assingment\FruitServiceEngine\tomcat9\webapps\fruitserviceengine.war]
	java.lang.IllegalStateException: Error starting child
		at org.apache.catalina.core.ContainerBase.addChildInternal(ContainerBase.java:602)
		at org.apache.catalina.core.ContainerBase.addChild(ContainerBase.java:571)
		at org.apache.catalina.core.StandardHost.addChild(StandardHost.java:603)
		at org.apache.catalina.startup.HostConfig.deployWAR(HostConfig.java:1013)
		at org.apache.catalina.startup.HostConfig$DeployWar.run(HostConfig.java:1861)
		at java.base/java.util.concurrent.Executors$RunnableAdapter.call(Executors.java:577)
		at java.base/java.util.concurrent.FutureTask.run(FutureTask.java:317)
		at org.apache.tomcat.util.threads.InlineExecutorService.execute(InlineExecutorService.java:76)
		at java.base/java.util.concurrent.AbstractExecutorService.submit(AbstractExecutorService.java:123)
		at org.apache.catalina.startup.HostConfig.deployWARs(HostConfig.java:817)
		at org.apache.catalina.startup.HostConfig.deployApps(HostConfig.java:468)
		at org.apache.catalina.startup.HostConfig.start(HostConfig.java:1579)
		at org.apache.catalina.startup.HostConfig.lifecycleEvent(HostConfig.java:312)
		at org.apache.catalina.util.LifecycleBase.fireLifecycleEvent(LifecycleBase.java:109)
		at org.apache.catalina.util.LifecycleBase.setStateInternal(LifecycleBase.java:389)
		at org.apache.catalina.util.LifecycleBase.setState(LifecycleBase.java:336)
		at org.apache.catalina.core.ContainerBase.startInternal(ContainerBase.java:776)
		at org.apache.catalina.core.StandardHost.startInternal(StandardHost.java:721)
		at org.apache.catalina.util.LifecycleBase.start(LifecycleBase.java:164)
		at org.apache.catalina.core.ContainerBase$StartChild.call(ContainerBase.java:1203)
		at org.apache.catalina.core.ContainerBase$StartChild.call(ContainerBase.java:1193)
		at java.base/java.util.concurrent.FutureTask.run(FutureTask.java:317)
		at org.apache.tomcat.util.threads.InlineExecutorService.execute(InlineExecutorService.java:76)
		at java.base/java.util.concurrent.AbstractExecutorService.submit(AbstractExecutorService.java:145)
		at org.apache.catalina.core.ContainerBase.startInternal(ContainerBase.java:749)
		at org.apache.catalina.core.StandardEngine.startInternal(StandardEngine.java:211)
		at org.apache.catalina.util.LifecycleBase.start(LifecycleBase.java:164)
		at org.apache.catalina.core.StandardService.startInternal(StandardService.java:412)
		at org.apache.catalina.util.LifecycleBase.start(LifecycleBase.java:164)
		at org.apache.catalina.core.StandardServer.startInternal(StandardServer.java:874)
		at org.apache.catalina.util.LifecycleBase.start(LifecycleBase.java:164)
		at org.apache.catalina.startup.Catalina.start(Catalina.java:739)
		at java.base/jdk.internal.reflect.DirectMethodHandleAccessor.invoke(DirectMethodHandleAccessor.java:104)
		at java.base/java.lang.reflect.Method.invoke(Method.java:578)
		at org.apache.catalina.startup.Bootstrap.start(Bootstrap.java:345)
		at org.apache.catalina.startup.Bootstrap.main(Bootstrap.java:476)
	Caused by: org.apache.catalina.LifecycleException: Failed to start component [StandardEngine[Catalina].StandardHost[localhost].StandardContext[/fruitserviceengine]]
		at org.apache.catalina.util.LifecycleBase.handleSubClassException(LifecycleBase.java:406)
		at org.apache.catalina.util.LifecycleBase.start(LifecycleBase.java:179)
		at org.apache.catalina.core.ContainerBase.addChildInternal(ContainerBase.java:599)
		... 35 more
	Caused by: java.lang.IllegalArgumentException: The servlets named [AddFruitServlet] and [servlets.AddFruitServlet] are both mapped to the url-pattern [/addFruit] which is not permitted
		at org.apache.tomcat.util.descriptor.web.WebXml.addServletMappingDecoded(WebXml.java:415)
		at org.apache.tomcat.util.descriptor.web.WebXml.addServletMapping(WebXml.java:406)
		at org.apache.catalina.startup.ContextConfig.processAnnotationWebServlet(ContextConfig.java:2555)
		at org.apache.catalina.startup.ContextConfig.processClass(ContextConfig.java:2261)
		at org.apache.catalina.startup.ContextConfig.processAnnotationsStream(ContextConfig.java:2250)
		at org.apache.catalina.startup.ContextConfig.processAnnotationsWebResource(ContextConfig.java:2161)
		at org.apache.catalina.startup.ContextConfig.processAnnotationsWebResource(ContextConfig.java:2156)
		at org.apache.catalina.startup.ContextConfig.processClasses(ContextConfig.java:1361)
		at org.apache.catalina.startup.ContextConfig.webConfig(ContextConfig.java:1271)
		at org.apache.catalina.startup.ContextConfig.configureStart(ContextConfig.java:972)
		at org.apache.catalina.startup.ContextConfig.lifecycleEvent(ContextConfig.java:290)
		at org.apache.catalina.util.LifecycleBase.fireLifecycleEvent(LifecycleBase.java:109)
		at org.apache.catalina.core.StandardContext.startInternal(StandardContext.java:4407)
		at org.apache.catalina.util.LifecycleBase.start(LifecycleBase.java:164)
		... 36 more
03-Jul-2025 10:42:14.060 INFO [main] org.apache.catalina.startup.HostConfig.deployWAR Deployment of web application archive [D:\Projects\socket_assingment\FruitServiceEngine\tomcat9\webapps\fruitserviceengine.war] has finished in [542] ms
03-Jul-2025 10:42:14.064 INFO [main] org.apache.catalina.startup.HostConfig.deployDirectory Deploying web application directory [D:\Projects\socket_assingment\FruitServiceEngine\tomcat9\webapps\docs]
03-Jul-2025 10:42:14.673 WARNING [main] org.apache.catalina.util.SessionIdGeneratorBase.createSecureRandom Creation of SecureRandom instance for session ID generation using [SHA1PRNG] took [150] milliseconds.
03-Jul-2025 10:42:14.747 INFO [main] org.apache.catalina.startup.HostConfig.deployDirectory Deployment of web application directory [D:\Projects\socket_assingment\FruitServiceEngine\tomcat9\webapps\docs] has finished in [683] ms
03-Jul-2025 10:42:14.748 INFO [main] org.apache.catalina.startup.HostConfig.deployDirectory Deploying web application directory [D:\Projects\socket_assingment\FruitServiceEngine\tomcat9\webapps\examples]
03-Jul-2025 10:42:16.354 INFO [main] org.apache.catalina.startup.HostConfig.deployDirectory Deployment of web application directory [D:\Projects\socket_assingment\FruitServiceEngine\tomcat9\webapps\examples] has finished in [1,607] ms
03-Jul-2025 10:42:16.355 INFO [main] org.apache.catalina.startup.HostConfig.deployDirectory Deploying web application directory [D:\Projects\socket_assingment\FruitServiceEngine\tomcat9\webapps\host-manager]
03-Jul-2025 10:42:16.438 INFO [main] org.apache.catalina.startup.HostConfig.deployDirectory Deployment of web application directory [D:\Projects\socket_assingment\FruitServiceEngine\tomcat9\webapps\host-manager] has finished in [83] ms
03-Jul-2025 10:42:16.439 INFO [main] org.apache.catalina.startup.HostConfig.deployDirectory Deploying web application directory [D:\Projects\socket_assingment\FruitServiceEngine\tomcat9\webapps\manager]
03-Jul-2025 10:42:16.518 INFO [main] org.apache.catalina.startup.HostConfig.deployDirectory Deployment of web application directory [D:\Projects\socket_assingment\FruitServiceEngine\tomcat9\webapps\manager] has finished in [79] ms
03-Jul-2025 10:42:16.519 INFO [main] org.apache.catalina.startup.HostConfig.deployDirectory Deploying web application directory [D:\Projects\socket_assingment\FruitServiceEngine\tomcat9\webapps\ROOT]
03-Jul-2025 10:42:16.585 INFO [main] org.apache.catalina.startup.HostConfig.deployDirectory Deployment of web application directory [D:\Projects\socket_assingment\FruitServiceEngine\tomcat9\webapps\ROOT] has finished in [66] ms
03-Jul-2025 10:42:16.599 INFO [main] org.apache.coyote.AbstractProtocol.start Starting ProtocolHandler ["http-nio-8080"]
03-Jul-2025 10:42:16.733 INFO [main] org.apache.catalina.startup.Catalina.start Server startup in [3644] milliseconds
03-Jul-2025 10:44:45.279 INFO [Thread-1] org.apache.coyote.AbstractProtocol.pause Pausing ProtocolHandler ["http-nio-8080"]
03-Jul-2025 10:44:46.105 INFO [Thread-1] org.apache.catalina.core.StandardService.stopInternal Stopping service [Catalina]
03-Jul-2025 10:44:46.176 INFO [Thread-1] org.apache.coyote.AbstractProtocol.stop Stopping ProtocolHandler ["http-nio-8080"]
03-Jul-2025 10:44:46.194 INFO [Thread-1] org.apache.coyote.AbstractProtocol.destroy Destroying ProtocolHandler ["http-nio-8080"]
03-Jul-2025 10:59:45.287 INFO [main] org.apache.catalina.startup.VersionLoggerListener.log Server version name:   Apache Tomcat/9.0.106
03-Jul-2025 10:59:45.299 INFO [main] org.apache.catalina.startup.VersionLoggerListener.log Server built:          Jun 5 2025 19:02:30 UTC
03-Jul-2025 10:59:45.300 INFO [main] org.apache.catalina.startup.VersionLoggerListener.log Server version number: 9.0.106.0
03-Jul-2025 10:59:45.301 INFO [main] org.apache.catalina.startup.VersionLoggerListener.log OS Name:               Windows 11
03-Jul-2025 10:59:45.302 INFO [main] org.apache.catalina.startup.VersionLoggerListener.log OS Version:            10.0
03-Jul-2025 10:59:45.302 INFO [main] org.apache.catalina.startup.VersionLoggerListener.log Architecture:          amd64
03-Jul-2025 10:59:45.302 INFO [main] org.apache.catalina.startup.VersionLoggerListener.log Java Home:             C:\Program Files\Java\jdk-19
03-Jul-2025 10:59:45.303 INFO [main] org.apache.catalina.startup.VersionLoggerListener.log JVM Version:           19.0.1+10-21
03-Jul-2025 10:59:45.304 INFO [main] org.apache.catalina.startup.VersionLoggerListener.log JVM Vendor:            Oracle Corporation
03-Jul-2025 10:59:45.305 INFO [main] org.apache.catalina.startup.VersionLoggerListener.log CATALINA_BASE:         D:\Projects\socket_assingment\FruitServiceEngine\tomcat9
03-Jul-2025 10:59:45.306 INFO [main] org.apache.catalina.startup.VersionLoggerListener.log CATALINA_HOME:         D:\Projects\socket_assingment\FruitServiceEngine\tomcat9
03-Jul-2025 10:59:45.346 INFO [main] org.apache.catalina.startup.VersionLoggerListener.log Command line argument: --add-opens=java.base/java.lang=ALL-UNNAMED
03-Jul-2025 10:59:45.346 INFO [main] org.apache.catalina.startup.VersionLoggerListener.log Command line argument: --add-opens=java.base/java.lang.invoke=ALL-UNNAMED
03-Jul-2025 10:59:45.347 INFO [main] org.apache.catalina.startup.VersionLoggerListener.log Command line argument: --add-opens=java.base/java.lang.reflect=ALL-UNNAMED
03-Jul-2025 10:59:45.348 INFO [main] org.apache.catalina.startup.VersionLoggerListener.log Command line argument: --add-opens=java.base/java.io=ALL-UNNAMED
03-Jul-2025 10:59:45.349 INFO [main] org.apache.catalina.startup.VersionLoggerListener.log Command line argument: --add-opens=java.base/java.util=ALL-UNNAMED
03-Jul-2025 10:59:45.349 INFO [main] org.apache.catalina.startup.VersionLoggerListener.log Command line argument: --add-opens=java.base/java.util.concurrent=ALL-UNNAMED
03-Jul-2025 10:59:45.350 INFO [main] org.apache.catalina.startup.VersionLoggerListener.log Command line argument: --add-opens=java.rmi/sun.rmi.transport=ALL-UNNAMED
03-Jul-2025 10:59:45.350 INFO [main] org.apache.catalina.startup.VersionLoggerListener.log Command line argument: -Djava.util.logging.config.file=D:\Projects\socket_assingment\FruitServiceEngine\tomcat9\conf\logging.properties
03-Jul-2025 10:59:45.351 INFO [main] org.apache.catalina.startup.VersionLoggerListener.log Command line argument: -Djava.util.logging.manager=org.apache.juli.ClassLoaderLogManager
03-Jul-2025 10:59:45.351 INFO [main] org.apache.catalina.startup.VersionLoggerListener.log Command line argument: -Djdk.tls.ephemeralDHKeySize=2048
03-Jul-2025 10:59:45.352 INFO [main] org.apache.catalina.startup.VersionLoggerListener.log Command line argument: -Djava.protocol.handler.pkgs=org.apache.catalina.webresources
03-Jul-2025 10:59:45.352 INFO [main] org.apache.catalina.startup.VersionLoggerListener.log Command line argument: -Dsun.io.useCanonCaches=false
03-Jul-2025 10:59:45.353 INFO [main] org.apache.catalina.startup.VersionLoggerListener.log Command line argument: -Dignore.endorsed.dirs=
03-Jul-2025 10:59:45.353 INFO [main] org.apache.catalina.startup.VersionLoggerListener.log Command line argument: -Dcatalina.base=D:\Projects\socket_assingment\FruitServiceEngine\tomcat9
03-Jul-2025 10:59:45.354 INFO [main] org.apache.catalina.startup.VersionLoggerListener.log Command line argument: -Dcatalina.home=D:\Projects\socket_assingment\FruitServiceEngine\tomcat9
03-Jul-2025 10:59:45.354 INFO [main] org.apache.catalina.startup.VersionLoggerListener.log Command line argument: -Djava.io.tmpdir=D:\Projects\socket_assingment\FruitServiceEngine\tomcat9\temp
03-Jul-2025 10:59:45.367 INFO [main] org.apache.catalina.core.AprLifecycleListener.lifecycleEvent Loaded Apache Tomcat Native library [1.3.1] using APR version [1.7.4].
03-Jul-2025 10:59:45.368 INFO [main] org.apache.catalina.core.AprLifecycleListener.lifecycleEvent APR capabilities: IPv6 [true], sendfile [true], accept filters [false], random [true], UDS [true].
03-Jul-2025 10:59:45.369 INFO [main] org.apache.catalina.core.AprLifecycleListener.lifecycleEvent APR/OpenSSL configuration: useAprConnector [false], useOpenSSL [true]
03-Jul-2025 10:59:45.405 INFO [main] org.apache.catalina.core.AprLifecycleListener.initializeSSL OpenSSL successfully initialized [OpenSSL 3.0.14 4 Jun 2024]
03-Jul-2025 10:59:46.114 INFO [main] org.apache.coyote.AbstractProtocol.init Initializing ProtocolHandler ["http-nio-8080"]
03-Jul-2025 10:59:46.231 INFO [main] org.apache.catalina.startup.Catalina.load Server initialization in [1471] milliseconds
03-Jul-2025 10:59:46.380 INFO [main] org.apache.catalina.core.StandardService.startInternal Starting service [Catalina]
03-Jul-2025 10:59:46.381 INFO [main] org.apache.catalina.core.StandardEngine.startInternal Starting Servlet engine: [Apache Tomcat/9.0.106]
03-Jul-2025 10:59:46.427 INFO [main] org.apache.catalina.startup.HostConfig.deployWAR Deploying web application archive [D:\Projects\socket_assingment\FruitServiceEngine\tomcat9\webapps\fruitserviceengine.war]
03-Jul-2025 10:59:47.014 SEVERE [main] org.apache.catalina.startup.HostConfig.deployWAR Error deploying web application archive [D:\Projects\socket_assingment\FruitServiceEngine\tomcat9\webapps\fruitserviceengine.war]
	java.lang.IllegalStateException: Error starting child
		at org.apache.catalina.core.ContainerBase.addChildInternal(ContainerBase.java:602)
		at org.apache.catalina.core.ContainerBase.addChild(ContainerBase.java:571)
		at org.apache.catalina.core.StandardHost.addChild(StandardHost.java:603)
		at org.apache.catalina.startup.HostConfig.deployWAR(HostConfig.java:1013)
		at org.apache.catalina.startup.HostConfig$DeployWar.run(HostConfig.java:1861)
		at java.base/java.util.concurrent.Executors$RunnableAdapter.call(Executors.java:577)
		at java.base/java.util.concurrent.FutureTask.run(FutureTask.java:317)
		at org.apache.tomcat.util.threads.InlineExecutorService.execute(InlineExecutorService.java:76)
		at java.base/java.util.concurrent.AbstractExecutorService.submit(AbstractExecutorService.java:123)
		at org.apache.catalina.startup.HostConfig.deployWARs(HostConfig.java:817)
		at org.apache.catalina.startup.HostConfig.deployApps(HostConfig.java:468)
		at org.apache.catalina.startup.HostConfig.start(HostConfig.java:1579)
		at org.apache.catalina.startup.HostConfig.lifecycleEvent(HostConfig.java:312)
		at org.apache.catalina.util.LifecycleBase.fireLifecycleEvent(LifecycleBase.java:109)
		at org.apache.catalina.util.LifecycleBase.setStateInternal(LifecycleBase.java:389)
		at org.apache.catalina.util.LifecycleBase.setState(LifecycleBase.java:336)
		at org.apache.catalina.core.ContainerBase.startInternal(ContainerBase.java:776)
		at org.apache.catalina.core.StandardHost.startInternal(StandardHost.java:721)
		at org.apache.catalina.util.LifecycleBase.start(LifecycleBase.java:164)
		at org.apache.catalina.core.ContainerBase$StartChild.call(ContainerBase.java:1203)
		at org.apache.catalina.core.ContainerBase$StartChild.call(ContainerBase.java:1193)
		at java.base/java.util.concurrent.FutureTask.run(FutureTask.java:317)
		at org.apache.tomcat.util.threads.InlineExecutorService.execute(InlineExecutorService.java:76)
		at java.base/java.util.concurrent.AbstractExecutorService.submit(AbstractExecutorService.java:145)
		at org.apache.catalina.core.ContainerBase.startInternal(ContainerBase.java:749)
		at org.apache.catalina.core.StandardEngine.startInternal(StandardEngine.java:211)
		at org.apache.catalina.util.LifecycleBase.start(LifecycleBase.java:164)
		at org.apache.catalina.core.StandardService.startInternal(StandardService.java:412)
		at org.apache.catalina.util.LifecycleBase.start(LifecycleBase.java:164)
		at org.apache.catalina.core.StandardServer.startInternal(StandardServer.java:874)
		at org.apache.catalina.util.LifecycleBase.start(LifecycleBase.java:164)
		at org.apache.catalina.startup.Catalina.start(Catalina.java:739)
		at java.base/jdk.internal.reflect.DirectMethodHandleAccessor.invoke(DirectMethodHandleAccessor.java:104)
		at java.base/java.lang.reflect.Method.invoke(Method.java:578)
		at org.apache.catalina.startup.Bootstrap.start(Bootstrap.java:345)
		at org.apache.catalina.startup.Bootstrap.main(Bootstrap.java:476)
	Caused by: org.apache.catalina.LifecycleException: Failed to start component [StandardEngine[Catalina].StandardHost[localhost].StandardContext[/fruitserviceengine]]
		at org.apache.catalina.util.LifecycleBase.handleSubClassException(LifecycleBase.java:406)
		at org.apache.catalina.util.LifecycleBase.start(LifecycleBase.java:179)
		at org.apache.catalina.core.ContainerBase.addChildInternal(ContainerBase.java:599)
		... 35 more
	Caused by: java.lang.IllegalArgumentException: The servlets named [AddFruitServlet] and [servlets.AddFruitServlet] are both mapped to the url-pattern [/addFruit] which is not permitted
		at org.apache.tomcat.util.descriptor.web.WebXml.addServletMappingDecoded(WebXml.java:415)
		at org.apache.tomcat.util.descriptor.web.WebXml.addServletMapping(WebXml.java:406)
		at org.apache.catalina.startup.ContextConfig.processAnnotationWebServlet(ContextConfig.java:2555)
		at org.apache.catalina.startup.ContextConfig.processClass(ContextConfig.java:2261)
		at org.apache.catalina.startup.ContextConfig.processAnnotationsStream(ContextConfig.java:2250)
		at org.apache.catalina.startup.ContextConfig.processAnnotationsWebResource(ContextConfig.java:2161)
		at org.apache.catalina.startup.ContextConfig.processAnnotationsWebResource(ContextConfig.java:2156)
		at org.apache.catalina.startup.ContextConfig.processClasses(ContextConfig.java:1361)
		at org.apache.catalina.startup.ContextConfig.webConfig(ContextConfig.java:1271)
		at org.apache.catalina.startup.ContextConfig.configureStart(ContextConfig.java:972)
		at org.apache.catalina.startup.ContextConfig.lifecycleEvent(ContextConfig.java:290)
		at org.apache.catalina.util.LifecycleBase.fireLifecycleEvent(LifecycleBase.java:109)
		at org.apache.catalina.core.StandardContext.startInternal(StandardContext.java:4407)
		at org.apache.catalina.util.LifecycleBase.start(LifecycleBase.java:164)
		... 36 more
03-Jul-2025 10:59:47.025 INFO [main] org.apache.catalina.startup.HostConfig.deployWAR Deployment of web application archive [D:\Projects\socket_assingment\FruitServiceEngine\tomcat9\webapps\fruitserviceengine.war] has finished in [595] ms
03-Jul-2025 10:59:47.027 INFO [main] org.apache.catalina.startup.HostConfig.deployDirectory Deploying web application directory [D:\Projects\socket_assingment\FruitServiceEngine\tomcat9\webapps\docs]
03-Jul-2025 10:59:47.471 INFO [main] org.apache.catalina.startup.HostConfig.deployDirectory Deployment of web application directory [D:\Projects\socket_assingment\FruitServiceEngine\tomcat9\webapps\docs] has finished in [444] ms
03-Jul-2025 10:59:47.472 INFO [main] org.apache.catalina.startup.HostConfig.deployDirectory Deploying web application directory [D:\Projects\socket_assingment\FruitServiceEngine\tomcat9\webapps\examples]
03-Jul-2025 10:59:48.327 INFO [main] org.apache.catalina.startup.HostConfig.deployDirectory Deployment of web application directory [D:\Projects\socket_assingment\FruitServiceEngine\tomcat9\webapps\examples] has finished in [855] ms
03-Jul-2025 10:59:48.328 INFO [main] org.apache.catalina.startup.HostConfig.deployDirectory Deploying web application directory [D:\Projects\socket_assingment\FruitServiceEngine\tomcat9\webapps\host-manager]
03-Jul-2025 10:59:48.394 INFO [main] org.apache.catalina.startup.HostConfig.deployDirectory Deployment of web application directory [D:\Projects\socket_assingment\FruitServiceEngine\tomcat9\webapps\host-manager] has finished in [67] ms
03-Jul-2025 10:59:48.395 INFO [main] org.apache.catalina.startup.HostConfig.deployDirectory Deploying web application directory [D:\Projects\socket_assingment\FruitServiceEngine\tomcat9\webapps\manager]
03-Jul-2025 10:59:48.464 INFO [main] org.apache.catalina.startup.HostConfig.deployDirectory Deployment of web application directory [D:\Projects\socket_assingment\FruitServiceEngine\tomcat9\webapps\manager] has finished in [70] ms
03-Jul-2025 10:59:48.465 INFO [main] org.apache.catalina.startup.HostConfig.deployDirectory Deploying web application directory [D:\Projects\socket_assingment\FruitServiceEngine\tomcat9\webapps\ROOT]
03-Jul-2025 10:59:48.517 INFO [main] org.apache.catalina.startup.HostConfig.deployDirectory Deployment of web application directory [D:\Projects\socket_assingment\FruitServiceEngine\tomcat9\webapps\ROOT] has finished in [51] ms
03-Jul-2025 10:59:48.528 INFO [main] org.apache.coyote.AbstractProtocol.start Starting ProtocolHandler ["http-nio-8080"]
03-Jul-2025 10:59:48.632 INFO [main] org.apache.catalina.startup.Catalina.start Server startup in [2398] milliseconds
03-Jul-2025 11:16:49.615 INFO [Thread-1] org.apache.coyote.AbstractProtocol.pause Pausing ProtocolHandler ["http-nio-8080"]
03-Jul-2025 11:16:51.207 INFO [Thread-1] org.apache.catalina.core.StandardService.stopInternal Stopping service [Catalina]
03-Jul-2025 11:16:51.565 INFO [Thread-1] org.apache.coyote.AbstractProtocol.stop Stopping ProtocolHandler ["http-nio-8080"]
03-Jul-2025 11:16:51.631 INFO [Thread-1] org.apache.coyote.AbstractProtocol.destroy Destroying ProtocolHandler ["http-nio-8080"]
03-Jul-2025 12:17:59.065 INFO [main] org.apache.catalina.startup.VersionLoggerListener.log Server version name:   Apache Tomcat/9.0.106
03-Jul-2025 12:17:59.080 INFO [main] org.apache.catalina.startup.VersionLoggerListener.log Server built:          Jun 5 2025 19:02:30 UTC
03-Jul-2025 12:17:59.085 INFO [main] org.apache.catalina.startup.VersionLoggerListener.log Server version number: 9.0.106.0
03-Jul-2025 12:17:59.086 INFO [main] org.apache.catalina.startup.VersionLoggerListener.log OS Name:               Windows 11
03-Jul-2025 12:17:59.087 INFO [main] org.apache.catalina.startup.VersionLoggerListener.log OS Version:            10.0
03-Jul-2025 12:17:59.088 INFO [main] org.apache.catalina.startup.VersionLoggerListener.log Architecture:          amd64
03-Jul-2025 12:17:59.088 INFO [main] org.apache.catalina.startup.VersionLoggerListener.log Java Home:             C:\Program Files\Java\jdk-19
03-Jul-2025 12:17:59.090 INFO [main] org.apache.catalina.startup.VersionLoggerListener.log JVM Version:           19.0.1+10-21
03-Jul-2025 12:17:59.091 INFO [main] org.apache.catalina.startup.VersionLoggerListener.log JVM Vendor:            Oracle Corporation
03-Jul-2025 12:17:59.092 INFO [main] org.apache.catalina.startup.VersionLoggerListener.log CATALINA_BASE:         D:\Projects\socket_assingment\FruitServiceEngine\tomcat9
03-Jul-2025 12:17:59.093 INFO [main] org.apache.catalina.startup.VersionLoggerListener.log CATALINA_HOME:         D:\Projects\socket_assingment\FruitServiceEngine\tomcat9
03-Jul-2025 12:17:59.147 INFO [main] org.apache.catalina.startup.VersionLoggerListener.log Command line argument: --add-opens=java.base/java.lang=ALL-UNNAMED
03-Jul-2025 12:17:59.148 INFO [main] org.apache.catalina.startup.VersionLoggerListener.log Command line argument: --add-opens=java.base/java.lang.invoke=ALL-UNNAMED
03-Jul-2025 12:17:59.149 INFO [main] org.apache.catalina.startup.VersionLoggerListener.log Command line argument: --add-opens=java.base/java.lang.reflect=ALL-UNNAMED
03-Jul-2025 12:17:59.150 INFO [main] org.apache.catalina.startup.VersionLoggerListener.log Command line argument: --add-opens=java.base/java.io=ALL-UNNAMED
03-Jul-2025 12:17:59.151 INFO [main] org.apache.catalina.startup.VersionLoggerListener.log Command line argument: --add-opens=java.base/java.util=ALL-UNNAMED
03-Jul-2025 12:17:59.153 INFO [main] org.apache.catalina.startup.VersionLoggerListener.log Command line argument: --add-opens=java.base/java.util.concurrent=ALL-UNNAMED
03-Jul-2025 12:17:59.154 INFO [main] org.apache.catalina.startup.VersionLoggerListener.log Command line argument: --add-opens=java.rmi/sun.rmi.transport=ALL-UNNAMED
03-Jul-2025 12:17:59.155 INFO [main] org.apache.catalina.startup.VersionLoggerListener.log Command line argument: -Djava.util.logging.config.file=D:\Projects\socket_assingment\FruitServiceEngine\tomcat9\conf\logging.properties
03-Jul-2025 12:17:59.156 INFO [main] org.apache.catalina.startup.VersionLoggerListener.log Command line argument: -Djava.util.logging.manager=org.apache.juli.ClassLoaderLogManager
03-Jul-2025 12:17:59.157 INFO [main] org.apache.catalina.startup.VersionLoggerListener.log Command line argument: -Djdk.tls.ephemeralDHKeySize=2048
03-Jul-2025 12:17:59.158 INFO [main] org.apache.catalina.startup.VersionLoggerListener.log Command line argument: -Djava.protocol.handler.pkgs=org.apache.catalina.webresources
03-Jul-2025 12:17:59.158 INFO [main] org.apache.catalina.startup.VersionLoggerListener.log Command line argument: -Dsun.io.useCanonCaches=false
03-Jul-2025 12:17:59.159 INFO [main] org.apache.catalina.startup.VersionLoggerListener.log Command line argument: -Dignore.endorsed.dirs=
03-Jul-2025 12:17:59.160 INFO [main] org.apache.catalina.startup.VersionLoggerListener.log Command line argument: -Dcatalina.base=D:\Projects\socket_assingment\FruitServiceEngine\tomcat9
03-Jul-2025 12:17:59.162 INFO [main] org.apache.catalina.startup.VersionLoggerListener.log Command line argument: -Dcatalina.home=D:\Projects\socket_assingment\FruitServiceEngine\tomcat9
03-Jul-2025 12:17:59.163 INFO [main] org.apache.catalina.startup.VersionLoggerListener.log Command line argument: -Djava.io.tmpdir=D:\Projects\socket_assingment\FruitServiceEngine\tomcat9\temp
03-Jul-2025 12:17:59.183 INFO [main] org.apache.catalina.core.AprLifecycleListener.lifecycleEvent Loaded Apache Tomcat Native library [1.3.1] using APR version [1.7.4].
03-Jul-2025 12:17:59.184 INFO [main] org.apache.catalina.core.AprLifecycleListener.lifecycleEvent APR capabilities: IPv6 [true], sendfile [true], accept filters [false], random [true], UDS [true].
03-Jul-2025 12:17:59.185 INFO [main] org.apache.catalina.core.AprLifecycleListener.lifecycleEvent APR/OpenSSL configuration: useAprConnector [false], useOpenSSL [true]
03-Jul-2025 12:17:59.250 INFO [main] org.apache.catalina.core.AprLifecycleListener.initializeSSL OpenSSL successfully initialized [OpenSSL 3.0.14 4 Jun 2024]
03-Jul-2025 12:18:01.985 INFO [main] org.apache.coyote.AbstractProtocol.init Initializing ProtocolHandler ["http-nio-8080"]
03-Jul-2025 12:18:02.407 INFO [main] org.apache.catalina.startup.Catalina.load Server initialization in [4251] milliseconds
03-Jul-2025 12:18:02.991 INFO [main] org.apache.catalina.core.StandardService.startInternal Starting service [Catalina]
03-Jul-2025 12:18:02.994 INFO [main] org.apache.catalina.core.StandardEngine.startInternal Starting Servlet engine: [Apache Tomcat/9.0.106]
03-Jul-2025 12:18:03.154 INFO [main] org.apache.catalina.startup.HostConfig.deployWAR Deploying web application archive [D:\Projects\socket_assingment\FruitServiceEngine\tomcat9\webapps\fruitserviceengine.war]
03-Jul-2025 12:18:04.975 SEVERE [main] org.apache.catalina.startup.HostConfig.deployWAR Error deploying web application archive [D:\Projects\socket_assingment\FruitServiceEngine\tomcat9\webapps\fruitserviceengine.war]
	java.lang.IllegalStateException: Error starting child
		at org.apache.catalina.core.ContainerBase.addChildInternal(ContainerBase.java:602)
		at org.apache.catalina.core.ContainerBase.addChild(ContainerBase.java:571)
		at org.apache.catalina.core.StandardHost.addChild(StandardHost.java:603)
		at org.apache.catalina.startup.HostConfig.deployWAR(HostConfig.java:1013)
		at org.apache.catalina.startup.HostConfig$DeployWar.run(HostConfig.java:1861)
		at java.base/java.util.concurrent.Executors$RunnableAdapter.call(Executors.java:577)
		at java.base/java.util.concurrent.FutureTask.run(FutureTask.java:317)
		at org.apache.tomcat.util.threads.InlineExecutorService.execute(InlineExecutorService.java:76)
		at java.base/java.util.concurrent.AbstractExecutorService.submit(AbstractExecutorService.java:123)
		at org.apache.catalina.startup.HostConfig.deployWARs(HostConfig.java:817)
		at org.apache.catalina.startup.HostConfig.deployApps(HostConfig.java:468)
		at org.apache.catalina.startup.HostConfig.start(HostConfig.java:1579)
		at org.apache.catalina.startup.HostConfig.lifecycleEvent(HostConfig.java:312)
		at org.apache.catalina.util.LifecycleBase.fireLifecycleEvent(LifecycleBase.java:109)
		at org.apache.catalina.util.LifecycleBase.setStateInternal(LifecycleBase.java:389)
		at org.apache.catalina.util.LifecycleBase.setState(LifecycleBase.java:336)
		at org.apache.catalina.core.ContainerBase.startInternal(ContainerBase.java:776)
		at org.apache.catalina.core.StandardHost.startInternal(StandardHost.java:721)
		at org.apache.catalina.util.LifecycleBase.start(LifecycleBase.java:164)
		at org.apache.catalina.core.ContainerBase$StartChild.call(ContainerBase.java:1203)
		at org.apache.catalina.core.ContainerBase$StartChild.call(ContainerBase.java:1193)
		at java.base/java.util.concurrent.FutureTask.run(FutureTask.java:317)
		at org.apache.tomcat.util.threads.InlineExecutorService.execute(InlineExecutorService.java:76)
		at java.base/java.util.concurrent.AbstractExecutorService.submit(AbstractExecutorService.java:145)
		at org.apache.catalina.core.ContainerBase.startInternal(ContainerBase.java:749)
		at org.apache.catalina.core.StandardEngine.startInternal(StandardEngine.java:211)
		at org.apache.catalina.util.LifecycleBase.start(LifecycleBase.java:164)
		at org.apache.catalina.core.StandardService.startInternal(StandardService.java:412)
		at org.apache.catalina.util.LifecycleBase.start(LifecycleBase.java:164)
		at org.apache.catalina.core.StandardServer.startInternal(StandardServer.java:874)
		at org.apache.catalina.util.LifecycleBase.start(LifecycleBase.java:164)
		at org.apache.catalina.startup.Catalina.start(Catalina.java:739)
		at java.base/jdk.internal.reflect.DirectMethodHandleAccessor.invoke(DirectMethodHandleAccessor.java:104)
		at java.base/java.lang.reflect.Method.invoke(Method.java:578)
		at org.apache.catalina.startup.Bootstrap.start(Bootstrap.java:345)
		at org.apache.catalina.startup.Bootstrap.main(Bootstrap.java:476)
	Caused by: org.apache.catalina.LifecycleException: Failed to start component [StandardEngine[Catalina].StandardHost[localhost].StandardContext[/fruitserviceengine]]
		at org.apache.catalina.util.LifecycleBase.handleSubClassException(LifecycleBase.java:406)
		at org.apache.catalina.util.LifecycleBase.start(LifecycleBase.java:179)
		at org.apache.catalina.core.ContainerBase.addChildInternal(ContainerBase.java:599)
		... 35 more
	Caused by: java.lang.IllegalArgumentException: The servlets named [AddFruitServlet] and [servlets.AddFruitServlet] are both mapped to the url-pattern [/addFruit] which is not permitted
		at org.apache.tomcat.util.descriptor.web.WebXml.addServletMappingDecoded(WebXml.java:415)
		at org.apache.tomcat.util.descriptor.web.WebXml.addServletMapping(WebXml.java:406)
		at org.apache.catalina.startup.ContextConfig.processAnnotationWebServlet(ContextConfig.java:2555)
		at org.apache.catalina.startup.ContextConfig.processClass(ContextConfig.java:2261)
		at org.apache.catalina.startup.ContextConfig.processAnnotationsStream(ContextConfig.java:2250)
		at org.apache.catalina.startup.ContextConfig.processAnnotationsWebResource(ContextConfig.java:2161)
		at org.apache.catalina.startup.ContextConfig.processAnnotationsWebResource(ContextConfig.java:2156)
		at org.apache.catalina.startup.ContextConfig.processClasses(ContextConfig.java:1361)
		at org.apache.catalina.startup.ContextConfig.webConfig(ContextConfig.java:1271)
		at org.apache.catalina.startup.ContextConfig.configureStart(ContextConfig.java:972)
		at org.apache.catalina.startup.ContextConfig.lifecycleEvent(ContextConfig.java:290)
		at org.apache.catalina.util.LifecycleBase.fireLifecycleEvent(LifecycleBase.java:109)
		at org.apache.catalina.core.StandardContext.startInternal(StandardContext.java:4407)
		at org.apache.catalina.util.LifecycleBase.start(LifecycleBase.java:164)
		... 36 more
03-Jul-2025 12:18:05.007 INFO [main] org.apache.catalina.startup.HostConfig.deployWAR Deployment of web application archive [D:\Projects\socket_assingment\FruitServiceEngine\tomcat9\webapps\fruitserviceengine.war] has finished in [1,844] ms
03-Jul-2025 12:18:05.013 INFO [main] org.apache.catalina.startup.HostConfig.deployDirectory Deploying web application directory [D:\Projects\socket_assingment\FruitServiceEngine\tomcat9\webapps\docs]
03-Jul-2025 12:18:07.064 WARNING [main] org.apache.catalina.util.SessionIdGeneratorBase.createSecureRandom Creation of SecureRandom instance for session ID generation using [SHA1PRNG] took [296] milliseconds.
03-Jul-2025 12:18:07.244 INFO [main] org.apache.catalina.startup.HostConfig.deployDirectory Deployment of web application directory [D:\Projects\socket_assingment\FruitServiceEngine\tomcat9\webapps\docs] has finished in [2,226] ms
03-Jul-2025 12:18:07.262 INFO [main] org.apache.catalina.startup.HostConfig.deployDirectory Deploying web application directory [D:\Projects\socket_assingment\FruitServiceEngine\tomcat9\webapps\examples]
03-Jul-2025 12:18:11.934 INFO [main] org.apache.catalina.startup.HostConfig.deployDirectory Deployment of web application directory [D:\Projects\socket_assingment\FruitServiceEngine\tomcat9\webapps\examples] has finished in [4,675] ms
03-Jul-2025 12:18:11.935 INFO [main] org.apache.catalina.startup.HostConfig.deployDirectory Deploying web application directory [D:\Projects\socket_assingment\FruitServiceEngine\tomcat9\webapps\host-manager]
03-Jul-2025 12:18:12.185 INFO [main] org.apache.catalina.startup.HostConfig.deployDirectory Deployment of web application directory [D:\Projects\socket_assingment\FruitServiceEngine\tomcat9\webapps\host-manager] has finished in [248] ms
03-Jul-2025 12:18:12.187 INFO [main] org.apache.catalina.startup.HostConfig.deployDirectory Deploying web application directory [D:\Projects\socket_assingment\FruitServiceEngine\tomcat9\webapps\manager]
03-Jul-2025 12:18:12.502 INFO [main] org.apache.catalina.startup.HostConfig.deployDirectory Deployment of web application directory [D:\Projects\socket_assingment\FruitServiceEngine\tomcat9\webapps\manager] has finished in [308] ms
03-Jul-2025 12:18:12.503 INFO [main] org.apache.catalina.startup.HostConfig.deployDirectory Deploying web application directory [D:\Projects\socket_assingment\FruitServiceEngine\tomcat9\webapps\ROOT]
03-Jul-2025 12:18:12.667 INFO [main] org.apache.catalina.startup.HostConfig.deployDirectory Deployment of web application directory [D:\Projects\socket_assingment\FruitServiceEngine\tomcat9\webapps\ROOT] has finished in [163] ms
03-Jul-2025 12:18:12.689 INFO [main] org.apache.coyote.AbstractProtocol.start Starting ProtocolHandler ["http-nio-8080"]
03-Jul-2025 12:18:12.958 INFO [main] org.apache.catalina.startup.Catalina.start Server startup in [10524] milliseconds
03-Jul-2025 12:46:08.435 INFO [main] org.apache.catalina.startup.VersionLoggerListener.log Server version name:   Apache Tomcat/9.0.106
03-Jul-2025 12:46:08.446 INFO [main] org.apache.catalina.startup.VersionLoggerListener.log Server built:          Jun 5 2025 19:02:30 UTC
03-Jul-2025 12:46:08.448 INFO [main] org.apache.catalina.startup.VersionLoggerListener.log Server version number: 9.0.106.0
03-Jul-2025 12:46:08.448 INFO [main] org.apache.catalina.startup.VersionLoggerListener.log OS Name:               Windows 11
03-Jul-2025 12:46:08.449 INFO [main] org.apache.catalina.startup.VersionLoggerListener.log OS Version:            10.0
03-Jul-2025 12:46:08.450 INFO [main] org.apache.catalina.startup.VersionLoggerListener.log Architecture:          amd64
03-Jul-2025 12:46:08.450 INFO [main] org.apache.catalina.startup.VersionLoggerListener.log Java Home:             C:\Program Files\Java\jdk-19
03-Jul-2025 12:46:08.451 INFO [main] org.apache.catalina.startup.VersionLoggerListener.log JVM Version:           19.0.1+10-21
03-Jul-2025 12:46:08.452 INFO [main] org.apache.catalina.startup.VersionLoggerListener.log JVM Vendor:            Oracle Corporation
03-Jul-2025 12:46:08.453 INFO [main] org.apache.catalina.startup.VersionLoggerListener.log CATALINA_BASE:         D:\Projects\socket_assingment\FruitServiceEngine\tomcat9
03-Jul-2025 12:46:08.454 INFO [main] org.apache.catalina.startup.VersionLoggerListener.log CATALINA_HOME:         D:\Projects\socket_assingment\FruitServiceEngine\tomcat9
03-Jul-2025 12:46:08.498 INFO [main] org.apache.catalina.startup.VersionLoggerListener.log Command line argument: --add-opens=java.base/java.lang=ALL-UNNAMED
03-Jul-2025 12:46:08.498 INFO [main] org.apache.catalina.startup.VersionLoggerListener.log Command line argument: --add-opens=java.base/java.lang.invoke=ALL-UNNAMED
03-Jul-2025 12:46:08.499 INFO [main] org.apache.catalina.startup.VersionLoggerListener.log Command line argument: --add-opens=java.base/java.lang.reflect=ALL-UNNAMED
03-Jul-2025 12:46:08.501 INFO [main] org.apache.catalina.startup.VersionLoggerListener.log Command line argument: --add-opens=java.base/java.io=ALL-UNNAMED
03-Jul-2025 12:46:08.502 INFO [main] org.apache.catalina.startup.VersionLoggerListener.log Command line argument: --add-opens=java.base/java.util=ALL-UNNAMED
03-Jul-2025 12:46:08.503 INFO [main] org.apache.catalina.startup.VersionLoggerListener.log Command line argument: --add-opens=java.base/java.util.concurrent=ALL-UNNAMED
03-Jul-2025 12:46:08.504 INFO [main] org.apache.catalina.startup.VersionLoggerListener.log Command line argument: --add-opens=java.rmi/sun.rmi.transport=ALL-UNNAMED
03-Jul-2025 12:46:08.505 INFO [main] org.apache.catalina.startup.VersionLoggerListener.log Command line argument: -Djava.util.logging.config.file=D:\Projects\socket_assingment\FruitServiceEngine\tomcat9\conf\logging.properties
03-Jul-2025 12:46:08.505 INFO [main] org.apache.catalina.startup.VersionLoggerListener.log Command line argument: -Djava.util.logging.manager=org.apache.juli.ClassLoaderLogManager
03-Jul-2025 12:46:08.506 INFO [main] org.apache.catalina.startup.VersionLoggerListener.log Command line argument: -Djdk.tls.ephemeralDHKeySize=2048
03-Jul-2025 12:46:08.506 INFO [main] org.apache.catalina.startup.VersionLoggerListener.log Command line argument: -Djava.protocol.handler.pkgs=org.apache.catalina.webresources
03-Jul-2025 12:46:08.507 INFO [main] org.apache.catalina.startup.VersionLoggerListener.log Command line argument: -Dsun.io.useCanonCaches=false
03-Jul-2025 12:46:08.507 INFO [main] org.apache.catalina.startup.VersionLoggerListener.log Command line argument: -Dignore.endorsed.dirs=
03-Jul-2025 12:46:08.508 INFO [main] org.apache.catalina.startup.VersionLoggerListener.log Command line argument: -Dcatalina.base=D:\Projects\socket_assingment\FruitServiceEngine\tomcat9
03-Jul-2025 12:46:08.509 INFO [main] org.apache.catalina.startup.VersionLoggerListener.log Command line argument: -Dcatalina.home=D:\Projects\socket_assingment\FruitServiceEngine\tomcat9
03-Jul-2025 12:46:08.510 INFO [main] org.apache.catalina.startup.VersionLoggerListener.log Command line argument: -Djava.io.tmpdir=D:\Projects\socket_assingment\FruitServiceEngine\tomcat9\temp
03-Jul-2025 12:46:08.782 INFO [main] org.apache.catalina.core.AprLifecycleListener.lifecycleEvent Loaded Apache Tomcat Native library [1.3.1] using APR version [1.7.4].
03-Jul-2025 12:46:08.783 INFO [main] org.apache.catalina.core.AprLifecycleListener.lifecycleEvent APR capabilities: IPv6 [true], sendfile [true], accept filters [false], random [true], UDS [true].
03-Jul-2025 12:46:08.783 INFO [main] org.apache.catalina.core.AprLifecycleListener.lifecycleEvent APR/OpenSSL configuration: useAprConnector [false], useOpenSSL [true]
03-Jul-2025 12:46:08.823 INFO [main] org.apache.catalina.core.AprLifecycleListener.initializeSSL OpenSSL successfully initialized [OpenSSL 3.0.14 4 Jun 2024]
03-Jul-2025 12:46:09.917 INFO [main] org.apache.coyote.AbstractProtocol.init Initializing ProtocolHandler ["http-nio-8080"]
03-Jul-2025 12:46:09.984 INFO [main] org.apache.catalina.startup.Catalina.load Server initialization in [2219] milliseconds
03-Jul-2025 12:46:10.121 INFO [main] org.apache.catalina.core.StandardService.startInternal Starting service [Catalina]
03-Jul-2025 12:46:10.123 INFO [main] org.apache.catalina.core.StandardEngine.startInternal Starting Servlet engine: [Apache Tomcat/9.0.106]
03-Jul-2025 12:46:10.376 INFO [main] org.apache.catalina.startup.HostConfig.deployWAR Deploying web application archive [D:\Projects\socket_assingment\FruitServiceEngine\tomcat9\webapps\fruitserviceengine.war]
03-Jul-2025 12:46:10.893 SEVERE [main] org.apache.catalina.startup.HostConfig.deployWAR Error deploying web application archive [D:\Projects\socket_assingment\FruitServiceEngine\tomcat9\webapps\fruitserviceengine.war]
	java.lang.IllegalStateException: Error starting child
		at org.apache.catalina.core.ContainerBase.addChildInternal(ContainerBase.java:602)
		at org.apache.catalina.core.ContainerBase.addChild(ContainerBase.java:571)
		at org.apache.catalina.core.StandardHost.addChild(StandardHost.java:603)
		at org.apache.catalina.startup.HostConfig.deployWAR(HostConfig.java:1013)
		at org.apache.catalina.startup.HostConfig$DeployWar.run(HostConfig.java:1861)
		at java.base/java.util.concurrent.Executors$RunnableAdapter.call(Executors.java:577)
		at java.base/java.util.concurrent.FutureTask.run(FutureTask.java:317)
		at org.apache.tomcat.util.threads.InlineExecutorService.execute(InlineExecutorService.java:76)
		at java.base/java.util.concurrent.AbstractExecutorService.submit(AbstractExecutorService.java:123)
		at org.apache.catalina.startup.HostConfig.deployWARs(HostConfig.java:817)
		at org.apache.catalina.startup.HostConfig.deployApps(HostConfig.java:468)
		at org.apache.catalina.startup.HostConfig.start(HostConfig.java:1579)
		at org.apache.catalina.startup.HostConfig.lifecycleEvent(HostConfig.java:312)
		at org.apache.catalina.util.LifecycleBase.fireLifecycleEvent(LifecycleBase.java:109)
		at org.apache.catalina.util.LifecycleBase.setStateInternal(LifecycleBase.java:389)
		at org.apache.catalina.util.LifecycleBase.setState(LifecycleBase.java:336)
		at org.apache.catalina.core.ContainerBase.startInternal(ContainerBase.java:776)
		at org.apache.catalina.core.StandardHost.startInternal(StandardHost.java:721)
		at org.apache.catalina.util.LifecycleBase.start(LifecycleBase.java:164)
		at org.apache.catalina.core.ContainerBase$StartChild.call(ContainerBase.java:1203)
		at org.apache.catalina.core.ContainerBase$StartChild.call(ContainerBase.java:1193)
		at java.base/java.util.concurrent.FutureTask.run(FutureTask.java:317)
		at org.apache.tomcat.util.threads.InlineExecutorService.execute(InlineExecutorService.java:76)
		at java.base/java.util.concurrent.AbstractExecutorService.submit(AbstractExecutorService.java:145)
		at org.apache.catalina.core.ContainerBase.startInternal(ContainerBase.java:749)
		at org.apache.catalina.core.StandardEngine.startInternal(StandardEngine.java:211)
		at org.apache.catalina.util.LifecycleBase.start(LifecycleBase.java:164)
		at org.apache.catalina.core.StandardService.startInternal(StandardService.java:412)
		at org.apache.catalina.util.LifecycleBase.start(LifecycleBase.java:164)
		at org.apache.catalina.core.StandardServer.startInternal(StandardServer.java:874)
		at org.apache.catalina.util.LifecycleBase.start(LifecycleBase.java:164)
		at org.apache.catalina.startup.Catalina.start(Catalina.java:739)
		at java.base/jdk.internal.reflect.DirectMethodHandleAccessor.invoke(DirectMethodHandleAccessor.java:104)
		at java.base/java.lang.reflect.Method.invoke(Method.java:578)
		at org.apache.catalina.startup.Bootstrap.start(Bootstrap.java:345)
		at org.apache.catalina.startup.Bootstrap.main(Bootstrap.java:476)
	Caused by: org.apache.catalina.LifecycleException: Failed to start component [StandardEngine[Catalina].StandardHost[localhost].StandardContext[/fruitserviceengine]]
		at org.apache.catalina.util.LifecycleBase.handleSubClassException(LifecycleBase.java:406)
		at org.apache.catalina.util.LifecycleBase.start(LifecycleBase.java:179)
		at org.apache.catalina.core.ContainerBase.addChildInternal(ContainerBase.java:599)
		... 35 more
	Caused by: java.lang.IllegalArgumentException: The servlets named [AddFruitServlet] and [servlets.AddFruitServlet] are both mapped to the url-pattern [/addFruit] which is not permitted
		at org.apache.tomcat.util.descriptor.web.WebXml.addServletMappingDecoded(WebXml.java:415)
		at org.apache.tomcat.util.descriptor.web.WebXml.addServletMapping(WebXml.java:406)
		at org.apache.catalina.startup.ContextConfig.processAnnotationWebServlet(ContextConfig.java:2555)
		at org.apache.catalina.startup.ContextConfig.processClass(ContextConfig.java:2261)
		at org.apache.catalina.startup.ContextConfig.processAnnotationsStream(ContextConfig.java:2250)
		at org.apache.catalina.startup.ContextConfig.processAnnotationsWebResource(ContextConfig.java:2161)
		at org.apache.catalina.startup.ContextConfig.processAnnotationsWebResource(ContextConfig.java:2156)
		at org.apache.catalina.startup.ContextConfig.processClasses(ContextConfig.java:1361)
		at org.apache.catalina.startup.ContextConfig.webConfig(ContextConfig.java:1271)
		at org.apache.catalina.startup.ContextConfig.configureStart(ContextConfig.java:972)
		at org.apache.catalina.startup.ContextConfig.lifecycleEvent(ContextConfig.java:290)
		at org.apache.catalina.util.LifecycleBase.fireLifecycleEvent(LifecycleBase.java:109)
		at org.apache.catalina.core.StandardContext.startInternal(StandardContext.java:4407)
		at org.apache.catalina.util.LifecycleBase.start(LifecycleBase.java:164)
		... 36 more
03-Jul-2025 12:46:10.901 INFO [main] org.apache.catalina.startup.HostConfig.deployWAR Deployment of web application archive [D:\Projects\socket_assingment\FruitServiceEngine\tomcat9\webapps\fruitserviceengine.war] has finished in [524] ms
03-Jul-2025 12:46:10.903 INFO [main] org.apache.catalina.startup.HostConfig.deployDirectory Deploying web application directory [D:\Projects\socket_assingment\FruitServiceEngine\tomcat9\webapps\docs]
03-Jul-2025 12:46:11.399 INFO [main] org.apache.catalina.startup.HostConfig.deployDirectory Deployment of web application directory [D:\Projects\socket_assingment\FruitServiceEngine\tomcat9\webapps\docs] has finished in [495] ms
03-Jul-2025 12:46:11.400 INFO [main] org.apache.catalina.startup.HostConfig.deployDirectory Deploying web application directory [D:\Projects\socket_assingment\FruitServiceEngine\tomcat9\webapps\examples]
03-Jul-2025 12:46:13.050 INFO [main] org.apache.catalina.startup.HostConfig.deployDirectory Deployment of web application directory [D:\Projects\socket_assingment\FruitServiceEngine\tomcat9\webapps\examples] has finished in [1,650] ms
03-Jul-2025 12:46:13.052 INFO [main] org.apache.catalina.startup.HostConfig.deployDirectory Deploying web application directory [D:\Projects\socket_assingment\FruitServiceEngine\tomcat9\webapps\host-manager]
03-Jul-2025 12:46:13.161 INFO [main] org.apache.catalina.startup.HostConfig.deployDirectory Deployment of web application directory [D:\Projects\socket_assingment\FruitServiceEngine\tomcat9\webapps\host-manager] has finished in [110] ms
03-Jul-2025 12:46:13.162 INFO [main] org.apache.catalina.startup.HostConfig.deployDirectory Deploying web application directory [D:\Projects\socket_assingment\FruitServiceEngine\tomcat9\webapps\manager]
03-Jul-2025 12:46:13.249 INFO [main] org.apache.catalina.startup.HostConfig.deployDirectory Deployment of web application directory [D:\Projects\socket_assingment\FruitServiceEngine\tomcat9\webapps\manager] has finished in [86] ms
03-Jul-2025 12:46:13.250 INFO [main] org.apache.catalina.startup.HostConfig.deployDirectory Deploying web application directory [D:\Projects\socket_assingment\FruitServiceEngine\tomcat9\webapps\ROOT]
03-Jul-2025 12:46:13.320 INFO [main] org.apache.catalina.startup.HostConfig.deployDirectory Deployment of web application directory [D:\Projects\socket_assingment\FruitServiceEngine\tomcat9\webapps\ROOT] has finished in [70] ms
03-Jul-2025 12:46:13.333 INFO [main] org.apache.coyote.AbstractProtocol.start Starting ProtocolHandler ["http-nio-8080"]
03-Jul-2025 12:46:13.482 INFO [main] org.apache.catalina.startup.Catalina.start Server startup in [3495] milliseconds
03-Jul-2025 12:56:27.814 INFO [Thread-1] org.apache.coyote.AbstractProtocol.pause Pausing ProtocolHandler ["http-nio-8080"]
03-Jul-2025 12:56:28.636 INFO [Thread-1] org.apache.catalina.core.StandardService.stopInternal Stopping service [Catalina]
03-Jul-2025 12:56:28.684 INFO [Thread-1] org.apache.coyote.AbstractProtocol.stop Stopping ProtocolHandler ["http-nio-8080"]
03-Jul-2025 12:56:28.694 INFO [Thread-1] org.apache.coyote.AbstractProtocol.destroy Destroying ProtocolHandler ["http-nio-8080"]
03-Jul-2025 12:56:35.907 INFO [main] org.apache.catalina.startup.VersionLoggerListener.log Server version name:   Apache Tomcat/9.0.106
03-Jul-2025 12:56:35.916 INFO [main] org.apache.catalina.startup.VersionLoggerListener.log Server built:          Jun 5 2025 19:02:30 UTC
03-Jul-2025 12:56:35.917 INFO [main] org.apache.catalina.startup.VersionLoggerListener.log Server version number: 9.0.106.0
03-Jul-2025 12:56:35.918 INFO [main] org.apache.catalina.startup.VersionLoggerListener.log OS Name:               Windows 11
03-Jul-2025 12:56:35.919 INFO [main] org.apache.catalina.startup.VersionLoggerListener.log OS Version:            10.0
03-Jul-2025 12:56:35.920 INFO [main] org.apache.catalina.startup.VersionLoggerListener.log Architecture:          amd64
03-Jul-2025 12:56:35.921 INFO [main] org.apache.catalina.startup.VersionLoggerListener.log Java Home:             C:\Program Files\Java\jdk-19
03-Jul-2025 12:56:35.921 INFO [main] org.apache.catalina.startup.VersionLoggerListener.log JVM Version:           19.0.1+10-21
03-Jul-2025 12:56:35.922 INFO [main] org.apache.catalina.startup.VersionLoggerListener.log JVM Vendor:            Oracle Corporation
03-Jul-2025 12:56:35.923 INFO [main] org.apache.catalina.startup.VersionLoggerListener.log CATALINA_BASE:         D:\Projects\socket_assingment\FruitServiceEngine\tomcat9
03-Jul-2025 12:56:35.924 INFO [main] org.apache.catalina.startup.VersionLoggerListener.log CATALINA_HOME:         D:\Projects\socket_assingment\FruitServiceEngine\tomcat9
03-Jul-2025 12:56:35.955 INFO [main] org.apache.catalina.startup.VersionLoggerListener.log Command line argument: --add-opens=java.base/java.lang=ALL-UNNAMED
03-Jul-2025 12:56:35.956 INFO [main] org.apache.catalina.startup.VersionLoggerListener.log Command line argument: --add-opens=java.base/java.lang.invoke=ALL-UNNAMED
03-Jul-2025 12:56:35.956 INFO [main] org.apache.catalina.startup.VersionLoggerListener.log Command line argument: --add-opens=java.base/java.lang.reflect=ALL-UNNAMED
03-Jul-2025 12:56:35.957 INFO [main] org.apache.catalina.startup.VersionLoggerListener.log Command line argument: --add-opens=java.base/java.io=ALL-UNNAMED
03-Jul-2025 12:56:35.958 INFO [main] org.apache.catalina.startup.VersionLoggerListener.log Command line argument: --add-opens=java.base/java.util=ALL-UNNAMED
03-Jul-2025 12:56:35.958 INFO [main] org.apache.catalina.startup.VersionLoggerListener.log Command line argument: --add-opens=java.base/java.util.concurrent=ALL-UNNAMED
03-Jul-2025 12:56:35.959 INFO [main] org.apache.catalina.startup.VersionLoggerListener.log Command line argument: --add-opens=java.rmi/sun.rmi.transport=ALL-UNNAMED
03-Jul-2025 12:56:35.960 INFO [main] org.apache.catalina.startup.VersionLoggerListener.log Command line argument: -Djava.util.logging.config.file=D:\Projects\socket_assingment\FruitServiceEngine\tomcat9\conf\logging.properties
03-Jul-2025 12:56:35.960 INFO [main] org.apache.catalina.startup.VersionLoggerListener.log Command line argument: -Djava.util.logging.manager=org.apache.juli.ClassLoaderLogManager
03-Jul-2025 12:56:35.961 INFO [main] org.apache.catalina.startup.VersionLoggerListener.log Command line argument: -Djdk.tls.ephemeralDHKeySize=2048
03-Jul-2025 12:56:35.961 INFO [main] org.apache.catalina.startup.VersionLoggerListener.log Command line argument: -Djava.protocol.handler.pkgs=org.apache.catalina.webresources
03-Jul-2025 12:56:35.962 INFO [main] org.apache.catalina.startup.VersionLoggerListener.log Command line argument: -Dsun.io.useCanonCaches=false
03-Jul-2025 12:56:35.962 INFO [main] org.apache.catalina.startup.VersionLoggerListener.log Command line argument: -Dignore.endorsed.dirs=
03-Jul-2025 12:56:35.963 INFO [main] org.apache.catalina.startup.VersionLoggerListener.log Command line argument: -Dcatalina.base=D:\Projects\socket_assingment\FruitServiceEngine\tomcat9
03-Jul-2025 12:56:35.964 INFO [main] org.apache.catalina.startup.VersionLoggerListener.log Command line argument: -Dcatalina.home=D:\Projects\socket_assingment\FruitServiceEngine\tomcat9
03-Jul-2025 12:56:35.965 INFO [main] org.apache.catalina.startup.VersionLoggerListener.log Command line argument: -Djava.io.tmpdir=D:\Projects\socket_assingment\FruitServiceEngine\tomcat9\temp
03-Jul-2025 12:56:35.975 INFO [main] org.apache.catalina.core.AprLifecycleListener.lifecycleEvent Loaded Apache Tomcat Native library [1.3.1] using APR version [1.7.4].
03-Jul-2025 12:56:35.975 INFO [main] org.apache.catalina.core.AprLifecycleListener.lifecycleEvent APR capabilities: IPv6 [true], sendfile [true], accept filters [false], random [true], UDS [true].
03-Jul-2025 12:56:35.976 INFO [main] org.apache.catalina.core.AprLifecycleListener.lifecycleEvent APR/OpenSSL configuration: useAprConnector [false], useOpenSSL [true]
03-Jul-2025 12:56:35.992 INFO [main] org.apache.catalina.core.AprLifecycleListener.initializeSSL OpenSSL successfully initialized [OpenSSL 3.0.14 4 Jun 2024]
03-Jul-2025 12:56:36.798 INFO [main] org.apache.coyote.AbstractProtocol.init Initializing ProtocolHandler ["http-nio-8080"]
03-Jul-2025 12:56:36.864 INFO [main] org.apache.catalina.startup.Catalina.load Server initialization in [1593] milliseconds
03-Jul-2025 12:56:37.022 INFO [main] org.apache.catalina.core.StandardService.startInternal Starting service [Catalina]
03-Jul-2025 12:56:37.023 INFO [main] org.apache.catalina.core.StandardEngine.startInternal Starting Servlet engine: [Apache Tomcat/9.0.106]
03-Jul-2025 12:56:37.086 INFO [main] org.apache.catalina.startup.HostConfig.deployWAR Deploying web application archive [D:\Projects\socket_assingment\FruitServiceEngine\tomcat9\webapps\fruitserviceengine.war]
03-Jul-2025 12:56:37.652 SEVERE [main] org.apache.catalina.startup.HostConfig.deployWAR Error deploying web application archive [D:\Projects\socket_assingment\FruitServiceEngine\tomcat9\webapps\fruitserviceengine.war]
	java.lang.IllegalStateException: Error starting child
		at org.apache.catalina.core.ContainerBase.addChildInternal(ContainerBase.java:602)
		at org.apache.catalina.core.ContainerBase.addChild(ContainerBase.java:571)
		at org.apache.catalina.core.StandardHost.addChild(StandardHost.java:603)
		at org.apache.catalina.startup.HostConfig.deployWAR(HostConfig.java:1013)
		at org.apache.catalina.startup.HostConfig$DeployWar.run(HostConfig.java:1861)
		at java.base/java.util.concurrent.Executors$RunnableAdapter.call(Executors.java:577)
		at java.base/java.util.concurrent.FutureTask.run(FutureTask.java:317)
		at org.apache.tomcat.util.threads.InlineExecutorService.execute(InlineExecutorService.java:76)
		at java.base/java.util.concurrent.AbstractExecutorService.submit(AbstractExecutorService.java:123)
		at org.apache.catalina.startup.HostConfig.deployWARs(HostConfig.java:817)
		at org.apache.catalina.startup.HostConfig.deployApps(HostConfig.java:468)
		at org.apache.catalina.startup.HostConfig.start(HostConfig.java:1579)
		at org.apache.catalina.startup.HostConfig.lifecycleEvent(HostConfig.java:312)
		at org.apache.catalina.util.LifecycleBase.fireLifecycleEvent(LifecycleBase.java:109)
		at org.apache.catalina.util.LifecycleBase.setStateInternal(LifecycleBase.java:389)
		at org.apache.catalina.util.LifecycleBase.setState(LifecycleBase.java:336)
		at org.apache.catalina.core.ContainerBase.startInternal(ContainerBase.java:776)
		at org.apache.catalina.core.StandardHost.startInternal(StandardHost.java:721)
		at org.apache.catalina.util.LifecycleBase.start(LifecycleBase.java:164)
		at org.apache.catalina.core.ContainerBase$StartChild.call(ContainerBase.java:1203)
		at org.apache.catalina.core.ContainerBase$StartChild.call(ContainerBase.java:1193)
		at java.base/java.util.concurrent.FutureTask.run(FutureTask.java:317)
		at org.apache.tomcat.util.threads.InlineExecutorService.execute(InlineExecutorService.java:76)
		at java.base/java.util.concurrent.AbstractExecutorService.submit(AbstractExecutorService.java:145)
		at org.apache.catalina.core.ContainerBase.startInternal(ContainerBase.java:749)
		at org.apache.catalina.core.StandardEngine.startInternal(StandardEngine.java:211)
		at org.apache.catalina.util.LifecycleBase.start(LifecycleBase.java:164)
		at org.apache.catalina.core.StandardService.startInternal(StandardService.java:412)
		at org.apache.catalina.util.LifecycleBase.start(LifecycleBase.java:164)
		at org.apache.catalina.core.StandardServer.startInternal(StandardServer.java:874)
		at org.apache.catalina.util.LifecycleBase.start(LifecycleBase.java:164)
		at org.apache.catalina.startup.Catalina.start(Catalina.java:739)
		at java.base/jdk.internal.reflect.DirectMethodHandleAccessor.invoke(DirectMethodHandleAccessor.java:104)
		at java.base/java.lang.reflect.Method.invoke(Method.java:578)
		at org.apache.catalina.startup.Bootstrap.start(Bootstrap.java:345)
		at org.apache.catalina.startup.Bootstrap.main(Bootstrap.java:476)
	Caused by: org.apache.catalina.LifecycleException: Failed to start component [StandardEngine[Catalina].StandardHost[localhost].StandardContext[/fruitserviceengine]]
		at org.apache.catalina.util.LifecycleBase.handleSubClassException(LifecycleBase.java:406)
		at org.apache.catalina.util.LifecycleBase.start(LifecycleBase.java:179)
		at org.apache.catalina.core.ContainerBase.addChildInternal(ContainerBase.java:599)
		... 35 more
	Caused by: java.lang.IllegalArgumentException: The servlets named [AddFruitServlet] and [servlets.AddFruitServlet] are both mapped to the url-pattern [/addFruit] which is not permitted
		at org.apache.tomcat.util.descriptor.web.WebXml.addServletMappingDecoded(WebXml.java:415)
		at org.apache.tomcat.util.descriptor.web.WebXml.addServletMapping(WebXml.java:406)
		at org.apache.catalina.startup.ContextConfig.processAnnotationWebServlet(ContextConfig.java:2555)
		at org.apache.catalina.startup.ContextConfig.processClass(ContextConfig.java:2261)
		at org.apache.catalina.startup.ContextConfig.processAnnotationsStream(ContextConfig.java:2250)
		at org.apache.catalina.startup.ContextConfig.processAnnotationsWebResource(ContextConfig.java:2161)
		at org.apache.catalina.startup.ContextConfig.processAnnotationsWebResource(ContextConfig.java:2156)
		at org.apache.catalina.startup.ContextConfig.processClasses(ContextConfig.java:1361)
		at org.apache.catalina.startup.ContextConfig.webConfig(ContextConfig.java:1271)
		at org.apache.catalina.startup.ContextConfig.configureStart(ContextConfig.java:972)
		at org.apache.catalina.startup.ContextConfig.lifecycleEvent(ContextConfig.java:290)
		at org.apache.catalina.util.LifecycleBase.fireLifecycleEvent(LifecycleBase.java:109)
		at org.apache.catalina.core.StandardContext.startInternal(StandardContext.java:4407)
		at org.apache.catalina.util.LifecycleBase.start(LifecycleBase.java:164)
		... 36 more
03-Jul-2025 12:56:37.662 INFO [main] org.apache.catalina.startup.HostConfig.deployWAR Deployment of web application archive [D:\Projects\socket_assingment\FruitServiceEngine\tomcat9\webapps\fruitserviceengine.war] has finished in [575] ms
03-Jul-2025 12:56:37.665 INFO [main] org.apache.catalina.startup.HostConfig.deployDirectory Deploying web application directory [D:\Projects\socket_assingment\FruitServiceEngine\tomcat9\webapps\docs]
03-Jul-2025 12:56:38.144 INFO [main] org.apache.catalina.startup.HostConfig.deployDirectory Deployment of web application directory [D:\Projects\socket_assingment\FruitServiceEngine\tomcat9\webapps\docs] has finished in [479] ms
03-Jul-2025 12:56:38.144 INFO [main] org.apache.catalina.startup.HostConfig.deployDirectory Deploying web application directory [D:\Projects\socket_assingment\FruitServiceEngine\tomcat9\webapps\examples]
03-Jul-2025 12:56:39.159 INFO [main] org.apache.catalina.startup.HostConfig.deployDirectory Deployment of web application directory [D:\Projects\socket_assingment\FruitServiceEngine\tomcat9\webapps\examples] has finished in [1,014] ms
03-Jul-2025 12:56:39.163 INFO [main] org.apache.catalina.startup.HostConfig.deployDirectory Deploying web application directory [D:\Projects\socket_assingment\FruitServiceEngine\tomcat9\webapps\host-manager]
03-Jul-2025 12:56:39.269 INFO [main] org.apache.catalina.startup.HostConfig.deployDirectory Deployment of web application directory [D:\Projects\socket_assingment\FruitServiceEngine\tomcat9\webapps\host-manager] has finished in [107] ms
03-Jul-2025 12:56:39.271 INFO [main] org.apache.catalina.startup.HostConfig.deployDirectory Deploying web application directory [D:\Projects\socket_assingment\FruitServiceEngine\tomcat9\webapps\manager]
03-Jul-2025 12:56:39.357 INFO [main] org.apache.catalina.startup.HostConfig.deployDirectory Deployment of web application directory [D:\Projects\socket_assingment\FruitServiceEngine\tomcat9\webapps\manager] has finished in [86] ms
03-Jul-2025 12:56:39.358 INFO [main] org.apache.catalina.startup.HostConfig.deployDirectory Deploying web application directory [D:\Projects\socket_assingment\FruitServiceEngine\tomcat9\webapps\ROOT]
03-Jul-2025 12:56:39.415 INFO [main] org.apache.catalina.startup.HostConfig.deployDirectory Deployment of web application directory [D:\Projects\socket_assingment\FruitServiceEngine\tomcat9\webapps\ROOT] has finished in [56] ms
03-Jul-2025 12:56:39.432 INFO [main] org.apache.coyote.AbstractProtocol.start Starting ProtocolHandler ["http-nio-8080"]
03-Jul-2025 12:56:39.561 INFO [main] org.apache.catalina.startup.Catalina.start Server startup in [2694] milliseconds
03-Jul-2025 13:00:34.817 INFO [Thread-1] org.apache.coyote.AbstractProtocol.pause Pausing ProtocolHandler ["http-nio-8080"]
03-Jul-2025 13:00:35.972 INFO [Thread-1] org.apache.catalina.core.StandardService.stopInternal Stopping service [Catalina]
03-Jul-2025 13:00:36.015 INFO [Thread-1] org.apache.coyote.AbstractProtocol.stop Stopping ProtocolHandler ["http-nio-8080"]
03-Jul-2025 13:00:36.026 INFO [Thread-1] org.apache.coyote.AbstractProtocol.destroy Destroying ProtocolHandler ["http-nio-8080"]
03-Jul-2025 13:00:42.310 INFO [main] org.apache.catalina.startup.VersionLoggerListener.log Server version name:   Apache Tomcat/9.0.106
03-Jul-2025 13:00:42.320 INFO [main] org.apache.catalina.startup.VersionLoggerListener.log Server built:          Jun 5 2025 19:02:30 UTC
03-Jul-2025 13:00:42.321 INFO [main] org.apache.catalina.startup.VersionLoggerListener.log Server version number: 9.0.106.0
03-Jul-2025 13:00:42.322 INFO [main] org.apache.catalina.startup.VersionLoggerListener.log OS Name:               Windows 11
03-Jul-2025 13:00:42.322 INFO [main] org.apache.catalina.startup.VersionLoggerListener.log OS Version:            10.0
03-Jul-2025 13:00:42.323 INFO [main] org.apache.catalina.startup.VersionLoggerListener.log Architecture:          amd64
03-Jul-2025 13:00:42.323 INFO [main] org.apache.catalina.startup.VersionLoggerListener.log Java Home:             C:\Program Files\Java\jdk-19
03-Jul-2025 13:00:42.324 INFO [main] org.apache.catalina.startup.VersionLoggerListener.log JVM Version:           19.0.1+10-21
03-Jul-2025 13:00:42.325 INFO [main] org.apache.catalina.startup.VersionLoggerListener.log JVM Vendor:            Oracle Corporation
03-Jul-2025 13:00:42.326 INFO [main] org.apache.catalina.startup.VersionLoggerListener.log CATALINA_BASE:         D:\Projects\socket_assingment\FruitServiceEngine\tomcat9
03-Jul-2025 13:00:42.327 INFO [main] org.apache.catalina.startup.VersionLoggerListener.log CATALINA_HOME:         D:\Projects\socket_assingment\FruitServiceEngine\tomcat9
03-Jul-2025 13:00:42.362 INFO [main] org.apache.catalina.startup.VersionLoggerListener.log Command line argument: --add-opens=java.base/java.lang=ALL-UNNAMED
03-Jul-2025 13:00:42.362 INFO [main] org.apache.catalina.startup.VersionLoggerListener.log Command line argument: --add-opens=java.base/java.lang.invoke=ALL-UNNAMED
03-Jul-2025 13:00:42.363 INFO [main] org.apache.catalina.startup.VersionLoggerListener.log Command line argument: --add-opens=java.base/java.lang.reflect=ALL-UNNAMED
03-Jul-2025 13:00:42.364 INFO [main] org.apache.catalina.startup.VersionLoggerListener.log Command line argument: --add-opens=java.base/java.io=ALL-UNNAMED
03-Jul-2025 13:00:42.365 INFO [main] org.apache.catalina.startup.VersionLoggerListener.log Command line argument: --add-opens=java.base/java.util=ALL-UNNAMED
03-Jul-2025 13:00:42.366 INFO [main] org.apache.catalina.startup.VersionLoggerListener.log Command line argument: --add-opens=java.base/java.util.concurrent=ALL-UNNAMED
03-Jul-2025 13:00:42.367 INFO [main] org.apache.catalina.startup.VersionLoggerListener.log Command line argument: --add-opens=java.rmi/sun.rmi.transport=ALL-UNNAMED
03-Jul-2025 13:00:42.368 INFO [main] org.apache.catalina.startup.VersionLoggerListener.log Command line argument: -Djava.util.logging.config.file=D:\Projects\socket_assingment\FruitServiceEngine\tomcat9\conf\logging.properties
03-Jul-2025 13:00:42.368 INFO [main] org.apache.catalina.startup.VersionLoggerListener.log Command line argument: -Djava.util.logging.manager=org.apache.juli.ClassLoaderLogManager
03-Jul-2025 13:00:42.369 INFO [main] org.apache.catalina.startup.VersionLoggerListener.log Command line argument: -Djdk.tls.ephemeralDHKeySize=2048
03-Jul-2025 13:00:42.370 INFO [main] org.apache.catalina.startup.VersionLoggerListener.log Command line argument: -Djava.protocol.handler.pkgs=org.apache.catalina.webresources
03-Jul-2025 13:00:42.370 INFO [main] org.apache.catalina.startup.VersionLoggerListener.log Command line argument: -Dsun.io.useCanonCaches=false
03-Jul-2025 13:00:42.372 INFO [main] org.apache.catalina.startup.VersionLoggerListener.log Command line argument: -Dignore.endorsed.dirs=
03-Jul-2025 13:00:42.372 INFO [main] org.apache.catalina.startup.VersionLoggerListener.log Command line argument: -Dcatalina.base=D:\Projects\socket_assingment\FruitServiceEngine\tomcat9
03-Jul-2025 13:00:42.373 INFO [main] org.apache.catalina.startup.VersionLoggerListener.log Command line argument: -Dcatalina.home=D:\Projects\socket_assingment\FruitServiceEngine\tomcat9
03-Jul-2025 13:00:42.374 INFO [main] org.apache.catalina.startup.VersionLoggerListener.log Command line argument: -Djava.io.tmpdir=D:\Projects\socket_assingment\FruitServiceEngine\tomcat9\temp
03-Jul-2025 13:00:42.381 INFO [main] org.apache.catalina.core.AprLifecycleListener.lifecycleEvent Loaded Apache Tomcat Native library [1.3.1] using APR version [1.7.4].
03-Jul-2025 13:00:42.382 INFO [main] org.apache.catalina.core.AprLifecycleListener.lifecycleEvent APR capabilities: IPv6 [true], sendfile [true], accept filters [false], random [true], UDS [true].
03-Jul-2025 13:00:42.384 INFO [main] org.apache.catalina.core.AprLifecycleListener.lifecycleEvent APR/OpenSSL configuration: useAprConnector [false], useOpenSSL [true]
03-Jul-2025 13:00:42.399 INFO [main] org.apache.catalina.core.AprLifecycleListener.initializeSSL OpenSSL successfully initialized [OpenSSL 3.0.14 4 Jun 2024]
03-Jul-2025 13:00:43.312 INFO [main] org.apache.coyote.AbstractProtocol.init Initializing ProtocolHandler ["http-nio-8080"]
03-Jul-2025 13:00:43.377 INFO [main] org.apache.catalina.startup.Catalina.load Server initialization in [1595] milliseconds
03-Jul-2025 13:00:43.556 INFO [main] org.apache.catalina.core.StandardService.startInternal Starting service [Catalina]
03-Jul-2025 13:00:43.558 INFO [main] org.apache.catalina.core.StandardEngine.startInternal Starting Servlet engine: [Apache Tomcat/9.0.106]
03-Jul-2025 13:00:43.621 INFO [main] org.apache.catalina.startup.HostConfig.deployWAR Deploying web application archive [D:\Projects\socket_assingment\FruitServiceEngine\tomcat9\webapps\fruitserviceengine.war]
03-Jul-2025 13:00:44.121 SEVERE [main] org.apache.catalina.startup.HostConfig.deployWAR Error deploying web application archive [D:\Projects\socket_assingment\FruitServiceEngine\tomcat9\webapps\fruitserviceengine.war]
	java.lang.IllegalStateException: Error starting child
		at org.apache.catalina.core.ContainerBase.addChildInternal(ContainerBase.java:602)
		at org.apache.catalina.core.ContainerBase.addChild(ContainerBase.java:571)
		at org.apache.catalina.core.StandardHost.addChild(StandardHost.java:603)
		at org.apache.catalina.startup.HostConfig.deployWAR(HostConfig.java:1013)
		at org.apache.catalina.startup.HostConfig$DeployWar.run(HostConfig.java:1861)
		at java.base/java.util.concurrent.Executors$RunnableAdapter.call(Executors.java:577)
		at java.base/java.util.concurrent.FutureTask.run(FutureTask.java:317)
		at org.apache.tomcat.util.threads.InlineExecutorService.execute(InlineExecutorService.java:76)
		at java.base/java.util.concurrent.AbstractExecutorService.submit(AbstractExecutorService.java:123)
		at org.apache.catalina.startup.HostConfig.deployWARs(HostConfig.java:817)
		at org.apache.catalina.startup.HostConfig.deployApps(HostConfig.java:468)
		at org.apache.catalina.startup.HostConfig.start(HostConfig.java:1579)
		at org.apache.catalina.startup.HostConfig.lifecycleEvent(HostConfig.java:312)
		at org.apache.catalina.util.LifecycleBase.fireLifecycleEvent(LifecycleBase.java:109)
		at org.apache.catalina.util.LifecycleBase.setStateInternal(LifecycleBase.java:389)
		at org.apache.catalina.util.LifecycleBase.setState(LifecycleBase.java:336)
		at org.apache.catalina.core.ContainerBase.startInternal(ContainerBase.java:776)
		at org.apache.catalina.core.StandardHost.startInternal(StandardHost.java:721)
		at org.apache.catalina.util.LifecycleBase.start(LifecycleBase.java:164)
		at org.apache.catalina.core.ContainerBase$StartChild.call(ContainerBase.java:1203)
		at org.apache.catalina.core.ContainerBase$StartChild.call(ContainerBase.java:1193)
		at java.base/java.util.concurrent.FutureTask.run(FutureTask.java:317)
		at org.apache.tomcat.util.threads.InlineExecutorService.execute(InlineExecutorService.java:76)
		at java.base/java.util.concurrent.AbstractExecutorService.submit(AbstractExecutorService.java:145)
		at org.apache.catalina.core.ContainerBase.startInternal(ContainerBase.java:749)
		at org.apache.catalina.core.StandardEngine.startInternal(StandardEngine.java:211)
		at org.apache.catalina.util.LifecycleBase.start(LifecycleBase.java:164)
		at org.apache.catalina.core.StandardService.startInternal(StandardService.java:412)
		at org.apache.catalina.util.LifecycleBase.start(LifecycleBase.java:164)
		at org.apache.catalina.core.StandardServer.startInternal(StandardServer.java:874)
		at org.apache.catalina.util.LifecycleBase.start(LifecycleBase.java:164)
		at org.apache.catalina.startup.Catalina.start(Catalina.java:739)
		at java.base/jdk.internal.reflect.DirectMethodHandleAccessor.invoke(DirectMethodHandleAccessor.java:104)
		at java.base/java.lang.reflect.Method.invoke(Method.java:578)
		at org.apache.catalina.startup.Bootstrap.start(Bootstrap.java:345)
		at org.apache.catalina.startup.Bootstrap.main(Bootstrap.java:476)
	Caused by: org.apache.catalina.LifecycleException: Failed to start component [StandardEngine[Catalina].StandardHost[localhost].StandardContext[/fruitserviceengine]]
		at org.apache.catalina.util.LifecycleBase.handleSubClassException(LifecycleBase.java:406)
		at org.apache.catalina.util.LifecycleBase.start(LifecycleBase.java:179)
		at org.apache.catalina.core.ContainerBase.addChildInternal(ContainerBase.java:599)
		... 35 more
	Caused by: java.lang.IllegalArgumentException: The servlets named [AddFruitServlet] and [servlets.AddFruitServlet] are both mapped to the url-pattern [/addFruit] which is not permitted
		at org.apache.tomcat.util.descriptor.web.WebXml.addServletMappingDecoded(WebXml.java:415)
		at org.apache.tomcat.util.descriptor.web.WebXml.addServletMapping(WebXml.java:406)
		at org.apache.catalina.startup.ContextConfig.processAnnotationWebServlet(ContextConfig.java:2555)
		at org.apache.catalina.startup.ContextConfig.processClass(ContextConfig.java:2261)
		at org.apache.catalina.startup.ContextConfig.processAnnotationsStream(ContextConfig.java:2250)
		at org.apache.catalina.startup.ContextConfig.processAnnotationsWebResource(ContextConfig.java:2161)
		at org.apache.catalina.startup.ContextConfig.processAnnotationsWebResource(ContextConfig.java:2156)
		at org.apache.catalina.startup.ContextConfig.processClasses(ContextConfig.java:1361)
		at org.apache.catalina.startup.ContextConfig.webConfig(ContextConfig.java:1271)
		at org.apache.catalina.startup.ContextConfig.configureStart(ContextConfig.java:972)
		at org.apache.catalina.startup.ContextConfig.lifecycleEvent(ContextConfig.java:290)
		at org.apache.catalina.util.LifecycleBase.fireLifecycleEvent(LifecycleBase.java:109)
		at org.apache.catalina.core.StandardContext.startInternal(StandardContext.java:4407)
		at org.apache.catalina.util.LifecycleBase.start(LifecycleBase.java:164)
		... 36 more
03-Jul-2025 13:00:44.130 INFO [main] org.apache.catalina.startup.HostConfig.deployWAR Deployment of web application archive [D:\Projects\socket_assingment\FruitServiceEngine\tomcat9\webapps\fruitserviceengine.war] has finished in [508] ms
03-Jul-2025 13:00:44.133 INFO [main] org.apache.catalina.startup.HostConfig.deployDirectory Deploying web application directory [D:\Projects\socket_assingment\FruitServiceEngine\tomcat9\webapps\docs]
03-Jul-2025 13:00:44.638 INFO [main] org.apache.catalina.startup.HostConfig.deployDirectory Deployment of web application directory [D:\Projects\socket_assingment\FruitServiceEngine\tomcat9\webapps\docs] has finished in [506] ms
03-Jul-2025 13:00:44.640 INFO [main] org.apache.catalina.startup.HostConfig.deployDirectory Deploying web application directory [D:\Projects\socket_assingment\FruitServiceEngine\tomcat9\webapps\examples]
03-Jul-2025 13:00:45.825 INFO [main] org.apache.catalina.startup.HostConfig.deployDirectory Deployment of web application directory [D:\Projects\socket_assingment\FruitServiceEngine\tomcat9\webapps\examples] has finished in [1,185] ms
03-Jul-2025 13:00:45.826 INFO [main] org.apache.catalina.startup.HostConfig.deployDirectory Deploying web application directory [D:\Projects\socket_assingment\FruitServiceEngine\tomcat9\webapps\host-manager]
03-Jul-2025 13:00:45.970 INFO [main] org.apache.catalina.startup.HostConfig.deployDirectory Deployment of web application directory [D:\Projects\socket_assingment\FruitServiceEngine\tomcat9\webapps\host-manager] has finished in [143] ms
03-Jul-2025 13:00:45.971 INFO [main] org.apache.catalina.startup.HostConfig.deployDirectory Deploying web application directory [D:\Projects\socket_assingment\FruitServiceEngine\tomcat9\webapps\manager]
03-Jul-2025 13:00:46.064 INFO [main] org.apache.catalina.startup.HostConfig.deployDirectory Deployment of web application directory [D:\Projects\socket_assingment\FruitServiceEngine\tomcat9\webapps\manager] has finished in [92] ms
03-Jul-2025 13:00:46.065 INFO [main] org.apache.catalina.startup.HostConfig.deployDirectory Deploying web application directory [D:\Projects\socket_assingment\FruitServiceEngine\tomcat9\webapps\ROOT]
03-Jul-2025 13:00:46.130 INFO [main] org.apache.catalina.startup.HostConfig.deployDirectory Deployment of web application directory [D:\Projects\socket_assingment\FruitServiceEngine\tomcat9\webapps\ROOT] has finished in [65] ms
03-Jul-2025 13:00:46.143 INFO [main] org.apache.coyote.AbstractProtocol.start Starting ProtocolHandler ["http-nio-8080"]
03-Jul-2025 13:00:46.275 INFO [main] org.apache.catalina.startup.Catalina.start Server startup in [2893] milliseconds
03-Jul-2025 13:04:45.675 INFO [Thread-1] org.apache.coyote.AbstractProtocol.pause Pausing ProtocolHandler ["http-nio-8080"]
03-Jul-2025 13:04:46.580 INFO [Thread-1] org.apache.catalina.core.StandardService.stopInternal Stopping service [Catalina]
03-Jul-2025 13:04:46.620 INFO [Thread-1] org.apache.coyote.AbstractProtocol.stop Stopping ProtocolHandler ["http-nio-8080"]
03-Jul-2025 13:04:46.631 INFO [Thread-1] org.apache.coyote.AbstractProtocol.destroy Destroying ProtocolHandler ["http-nio-8080"]
03-Jul-2025 13:04:53.284 INFO [main] org.apache.catalina.startup.VersionLoggerListener.log Server version name:   Apache Tomcat/9.0.106
03-Jul-2025 13:04:53.296 INFO [main] org.apache.catalina.startup.VersionLoggerListener.log Server built:          Jun 5 2025 19:02:30 UTC
03-Jul-2025 13:04:53.297 INFO [main] org.apache.catalina.startup.VersionLoggerListener.log Server version number: 9.0.106.0
03-Jul-2025 13:04:53.298 INFO [main] org.apache.catalina.startup.VersionLoggerListener.log OS Name:               Windows 11
03-Jul-2025 13:04:53.299 INFO [main] org.apache.catalina.startup.VersionLoggerListener.log OS Version:            10.0
03-Jul-2025 13:04:53.300 INFO [main] org.apache.catalina.startup.VersionLoggerListener.log Architecture:          amd64
03-Jul-2025 13:04:53.300 INFO [main] org.apache.catalina.startup.VersionLoggerListener.log Java Home:             C:\Program Files\Java\jdk-19
03-Jul-2025 13:04:53.301 INFO [main] org.apache.catalina.startup.VersionLoggerListener.log JVM Version:           19.0.1+10-21
03-Jul-2025 13:04:53.302 INFO [main] org.apache.catalina.startup.VersionLoggerListener.log JVM Vendor:            Oracle Corporation
03-Jul-2025 13:04:53.303 INFO [main] org.apache.catalina.startup.VersionLoggerListener.log CATALINA_BASE:         D:\Projects\socket_assingment\FruitServiceEngine\tomcat9
03-Jul-2025 13:04:53.303 INFO [main] org.apache.catalina.startup.VersionLoggerListener.log CATALINA_HOME:         D:\Projects\socket_assingment\FruitServiceEngine\tomcat9
03-Jul-2025 13:04:53.338 INFO [main] org.apache.catalina.startup.VersionLoggerListener.log Command line argument: --add-opens=java.base/java.lang=ALL-UNNAMED
03-Jul-2025 13:04:53.339 INFO [main] org.apache.catalina.startup.VersionLoggerListener.log Command line argument: --add-opens=java.base/java.lang.invoke=ALL-UNNAMED
03-Jul-2025 13:04:53.340 INFO [main] org.apache.catalina.startup.VersionLoggerListener.log Command line argument: --add-opens=java.base/java.lang.reflect=ALL-UNNAMED
03-Jul-2025 13:04:53.340 INFO [main] org.apache.catalina.startup.VersionLoggerListener.log Command line argument: --add-opens=java.base/java.io=ALL-UNNAMED
03-Jul-2025 13:04:53.342 INFO [main] org.apache.catalina.startup.VersionLoggerListener.log Command line argument: --add-opens=java.base/java.util=ALL-UNNAMED
03-Jul-2025 13:04:53.343 INFO [main] org.apache.catalina.startup.VersionLoggerListener.log Command line argument: --add-opens=java.base/java.util.concurrent=ALL-UNNAMED
03-Jul-2025 13:04:53.343 INFO [main] org.apache.catalina.startup.VersionLoggerListener.log Command line argument: --add-opens=java.rmi/sun.rmi.transport=ALL-UNNAMED
03-Jul-2025 13:04:53.344 INFO [main] org.apache.catalina.startup.VersionLoggerListener.log Command line argument: -Djava.util.logging.config.file=D:\Projects\socket_assingment\FruitServiceEngine\tomcat9\conf\logging.properties
03-Jul-2025 13:04:53.345 INFO [main] org.apache.catalina.startup.VersionLoggerListener.log Command line argument: -Djava.util.logging.manager=org.apache.juli.ClassLoaderLogManager
03-Jul-2025 13:04:53.345 INFO [main] org.apache.catalina.startup.VersionLoggerListener.log Command line argument: -Djdk.tls.ephemeralDHKeySize=2048
03-Jul-2025 13:04:53.346 INFO [main] org.apache.catalina.startup.VersionLoggerListener.log Command line argument: -Djava.protocol.handler.pkgs=org.apache.catalina.webresources
03-Jul-2025 13:04:53.346 INFO [main] org.apache.catalina.startup.VersionLoggerListener.log Command line argument: -Dsun.io.useCanonCaches=false
03-Jul-2025 13:04:53.347 INFO [main] org.apache.catalina.startup.VersionLoggerListener.log Command line argument: -Dignore.endorsed.dirs=
03-Jul-2025 13:04:53.348 INFO [main] org.apache.catalina.startup.VersionLoggerListener.log Command line argument: -Dcatalina.base=D:\Projects\socket_assingment\FruitServiceEngine\tomcat9
03-Jul-2025 13:04:53.348 INFO [main] org.apache.catalina.startup.VersionLoggerListener.log Command line argument: -Dcatalina.home=D:\Projects\socket_assingment\FruitServiceEngine\tomcat9
03-Jul-2025 13:04:53.350 INFO [main] org.apache.catalina.startup.VersionLoggerListener.log Command line argument: -Djava.io.tmpdir=D:\Projects\socket_assingment\FruitServiceEngine\tomcat9\temp
03-Jul-2025 13:04:53.360 INFO [main] org.apache.catalina.core.AprLifecycleListener.lifecycleEvent Loaded Apache Tomcat Native library [1.3.1] using APR version [1.7.4].
03-Jul-2025 13:04:53.360 INFO [main] org.apache.catalina.core.AprLifecycleListener.lifecycleEvent APR capabilities: IPv6 [true], sendfile [true], accept filters [false], random [true], UDS [true].
03-Jul-2025 13:04:53.361 INFO [main] org.apache.catalina.core.AprLifecycleListener.lifecycleEvent APR/OpenSSL configuration: useAprConnector [false], useOpenSSL [true]
03-Jul-2025 13:04:53.377 INFO [main] org.apache.catalina.core.AprLifecycleListener.initializeSSL OpenSSL successfully initialized [OpenSSL 3.0.14 4 Jun 2024]
03-Jul-2025 13:04:54.124 INFO [main] org.apache.coyote.AbstractProtocol.init Initializing ProtocolHandler ["http-nio-8080"]
03-Jul-2025 13:04:54.182 INFO [main] org.apache.catalina.startup.Catalina.load Server initialization in [1363] milliseconds
03-Jul-2025 13:04:54.326 INFO [main] org.apache.catalina.core.StandardService.startInternal Starting service [Catalina]
03-Jul-2025 13:04:54.327 INFO [main] org.apache.catalina.core.StandardEngine.startInternal Starting Servlet engine: [Apache Tomcat/9.0.106]
03-Jul-2025 13:04:54.389 INFO [main] org.apache.catalina.startup.HostConfig.deployWAR Deploying web application archive [D:\Projects\socket_assingment\FruitServiceEngine\tomcat9\webapps\fruitserviceengine.war]
03-Jul-2025 13:04:54.812 SEVERE [main] org.apache.catalina.startup.HostConfig.deployWAR Error deploying web application archive [D:\Projects\socket_assingment\FruitServiceEngine\tomcat9\webapps\fruitserviceengine.war]
	java.lang.IllegalStateException: Error starting child
		at org.apache.catalina.core.ContainerBase.addChildInternal(ContainerBase.java:602)
		at org.apache.catalina.core.ContainerBase.addChild(ContainerBase.java:571)
		at org.apache.catalina.core.StandardHost.addChild(StandardHost.java:603)
		at org.apache.catalina.startup.HostConfig.deployWAR(HostConfig.java:1013)
		at org.apache.catalina.startup.HostConfig$DeployWar.run(HostConfig.java:1861)
		at java.base/java.util.concurrent.Executors$RunnableAdapter.call(Executors.java:577)
		at java.base/java.util.concurrent.FutureTask.run(FutureTask.java:317)
		at org.apache.tomcat.util.threads.InlineExecutorService.execute(InlineExecutorService.java:76)
		at java.base/java.util.concurrent.AbstractExecutorService.submit(AbstractExecutorService.java:123)
		at org.apache.catalina.startup.HostConfig.deployWARs(HostConfig.java:817)
		at org.apache.catalina.startup.HostConfig.deployApps(HostConfig.java:468)
		at org.apache.catalina.startup.HostConfig.start(HostConfig.java:1579)
		at org.apache.catalina.startup.HostConfig.lifecycleEvent(HostConfig.java:312)
		at org.apache.catalina.util.LifecycleBase.fireLifecycleEvent(LifecycleBase.java:109)
		at org.apache.catalina.util.LifecycleBase.setStateInternal(LifecycleBase.java:389)
		at org.apache.catalina.util.LifecycleBase.setState(LifecycleBase.java:336)
		at org.apache.catalina.core.ContainerBase.startInternal(ContainerBase.java:776)
		at org.apache.catalina.core.StandardHost.startInternal(StandardHost.java:721)
		at org.apache.catalina.util.LifecycleBase.start(LifecycleBase.java:164)
		at org.apache.catalina.core.ContainerBase$StartChild.call(ContainerBase.java:1203)
		at org.apache.catalina.core.ContainerBase$StartChild.call(ContainerBase.java:1193)
		at java.base/java.util.concurrent.FutureTask.run(FutureTask.java:317)
		at org.apache.tomcat.util.threads.InlineExecutorService.execute(InlineExecutorService.java:76)
		at java.base/java.util.concurrent.AbstractExecutorService.submit(AbstractExecutorService.java:145)
		at org.apache.catalina.core.ContainerBase.startInternal(ContainerBase.java:749)
		at org.apache.catalina.core.StandardEngine.startInternal(StandardEngine.java:211)
		at org.apache.catalina.util.LifecycleBase.start(LifecycleBase.java:164)
		at org.apache.catalina.core.StandardService.startInternal(StandardService.java:412)
		at org.apache.catalina.util.LifecycleBase.start(LifecycleBase.java:164)
		at org.apache.catalina.core.StandardServer.startInternal(StandardServer.java:874)
		at org.apache.catalina.util.LifecycleBase.start(LifecycleBase.java:164)
		at org.apache.catalina.startup.Catalina.start(Catalina.java:739)
		at java.base/jdk.internal.reflect.DirectMethodHandleAccessor.invoke(DirectMethodHandleAccessor.java:104)
		at java.base/java.lang.reflect.Method.invoke(Method.java:578)
		at org.apache.catalina.startup.Bootstrap.start(Bootstrap.java:345)
		at org.apache.catalina.startup.Bootstrap.main(Bootstrap.java:476)
	Caused by: org.apache.catalina.LifecycleException: Failed to start component [StandardEngine[Catalina].StandardHost[localhost].StandardContext[/fruitserviceengine]]
		at org.apache.catalina.util.LifecycleBase.handleSubClassException(LifecycleBase.java:406)
		at org.apache.catalina.util.LifecycleBase.start(LifecycleBase.java:179)
		at org.apache.catalina.core.ContainerBase.addChildInternal(ContainerBase.java:599)
		... 35 more
	Caused by: java.lang.IllegalArgumentException: The servlets named [AddFruitServlet] and [servlets.AddFruitServlet] are both mapped to the url-pattern [/addFruit] which is not permitted
		at org.apache.tomcat.util.descriptor.web.WebXml.addServletMappingDecoded(WebXml.java:415)
		at org.apache.tomcat.util.descriptor.web.WebXml.addServletMapping(WebXml.java:406)
		at org.apache.catalina.startup.ContextConfig.processAnnotationWebServlet(ContextConfig.java:2555)
		at org.apache.catalina.startup.ContextConfig.processClass(ContextConfig.java:2261)
		at org.apache.catalina.startup.ContextConfig.processAnnotationsStream(ContextConfig.java:2250)
		at org.apache.catalina.startup.ContextConfig.processAnnotationsWebResource(ContextConfig.java:2161)
		at org.apache.catalina.startup.ContextConfig.processAnnotationsWebResource(ContextConfig.java:2156)
		at org.apache.catalina.startup.ContextConfig.processClasses(ContextConfig.java:1361)
		at org.apache.catalina.startup.ContextConfig.webConfig(ContextConfig.java:1271)
		at org.apache.catalina.startup.ContextConfig.configureStart(ContextConfig.java:972)
		at org.apache.catalina.startup.ContextConfig.lifecycleEvent(ContextConfig.java:290)
		at org.apache.catalina.util.LifecycleBase.fireLifecycleEvent(LifecycleBase.java:109)
		at org.apache.catalina.core.StandardContext.startInternal(StandardContext.java:4407)
		at org.apache.catalina.util.LifecycleBase.start(LifecycleBase.java:164)
		... 36 more
03-Jul-2025 13:04:54.821 INFO [main] org.apache.catalina.startup.HostConfig.deployWAR Deployment of web application archive [D:\Projects\socket_assingment\FruitServiceEngine\tomcat9\webapps\fruitserviceengine.war] has finished in [430] ms
03-Jul-2025 13:04:54.823 INFO [main] org.apache.catalina.startup.HostConfig.deployDirectory Deploying web application directory [D:\Projects\socket_assingment\FruitServiceEngine\tomcat9\webapps\docs]
03-Jul-2025 13:04:55.254 INFO [main] org.apache.catalina.startup.HostConfig.deployDirectory Deployment of web application directory [D:\Projects\socket_assingment\FruitServiceEngine\tomcat9\webapps\docs] has finished in [430] ms
03-Jul-2025 13:04:55.255 INFO [main] org.apache.catalina.startup.HostConfig.deployDirectory Deploying web application directory [D:\Projects\socket_assingment\FruitServiceEngine\tomcat9\webapps\examples]
03-Jul-2025 13:04:56.458 INFO [main] org.apache.catalina.startup.HostConfig.deployDirectory Deployment of web application directory [D:\Projects\socket_assingment\FruitServiceEngine\tomcat9\webapps\examples] has finished in [1,203] ms
03-Jul-2025 13:04:56.459 INFO [main] org.apache.catalina.startup.HostConfig.deployDirectory Deploying web application directory [D:\Projects\socket_assingment\FruitServiceEngine\tomcat9\webapps\host-manager]
03-Jul-2025 13:04:56.539 INFO [main] org.apache.catalina.startup.HostConfig.deployDirectory Deployment of web application directory [D:\Projects\socket_assingment\FruitServiceEngine\tomcat9\webapps\host-manager] has finished in [79] ms
03-Jul-2025 13:04:56.539 INFO [main] org.apache.catalina.startup.HostConfig.deployDirectory Deploying web application directory [D:\Projects\socket_assingment\FruitServiceEngine\tomcat9\webapps\manager]
03-Jul-2025 13:04:56.614 INFO [main] org.apache.catalina.startup.HostConfig.deployDirectory Deployment of web application directory [D:\Projects\socket_assingment\FruitServiceEngine\tomcat9\webapps\manager] has finished in [74] ms
03-Jul-2025 13:04:56.615 INFO [main] org.apache.catalina.startup.HostConfig.deployDirectory Deploying web application directory [D:\Projects\socket_assingment\FruitServiceEngine\tomcat9\webapps\ROOT]
03-Jul-2025 13:04:56.675 INFO [main] org.apache.catalina.startup.HostConfig.deployDirectory Deployment of web application directory [D:\Projects\socket_assingment\FruitServiceEngine\tomcat9\webapps\ROOT] has finished in [60] ms
03-Jul-2025 13:04:56.686 INFO [main] org.apache.coyote.AbstractProtocol.start Starting ProtocolHandler ["http-nio-8080"]
03-Jul-2025 13:04:56.821 INFO [main] org.apache.catalina.startup.Catalina.start Server startup in [2636] milliseconds
03-Jul-2025 13:55:02.238 INFO [Catalina-utility-2] org.apache.catalina.startup.HostConfig.undeploy Undeploying context [/fruitserviceengine]
03-Jul-2025 14:31:02.260 INFO [main] org.apache.catalina.startup.VersionLoggerListener.log Server version name:   Apache Tomcat/9.0.106
03-Jul-2025 14:31:02.268 INFO [main] org.apache.catalina.startup.VersionLoggerListener.log Server built:          Jun 5 2025 19:02:30 UTC
03-Jul-2025 14:31:02.269 INFO [main] org.apache.catalina.startup.VersionLoggerListener.log Server version number: 9.0.106.0
03-Jul-2025 14:31:02.270 INFO [main] org.apache.catalina.startup.VersionLoggerListener.log OS Name:               Windows 11
03-Jul-2025 14:31:02.270 INFO [main] org.apache.catalina.startup.VersionLoggerListener.log OS Version:            10.0
03-Jul-2025 14:31:02.271 INFO [main] org.apache.catalina.startup.VersionLoggerListener.log Architecture:          amd64
03-Jul-2025 14:31:02.271 INFO [main] org.apache.catalina.startup.VersionLoggerListener.log Java Home:             C:\Program Files\Java\jdk-19
03-Jul-2025 14:31:02.272 INFO [main] org.apache.catalina.startup.VersionLoggerListener.log JVM Version:           19.0.1+10-21
03-Jul-2025 14:31:02.273 INFO [main] org.apache.catalina.startup.VersionLoggerListener.log JVM Vendor:            Oracle Corporation
03-Jul-2025 14:31:02.273 INFO [main] org.apache.catalina.startup.VersionLoggerListener.log CATALINA_BASE:         D:\Projects\socket_assingment\FruitServiceEngine\tomcat9
03-Jul-2025 14:31:02.274 INFO [main] org.apache.catalina.startup.VersionLoggerListener.log CATALINA_HOME:         D:\Projects\socket_assingment\FruitServiceEngine\tomcat9
03-Jul-2025 14:31:02.312 INFO [main] org.apache.catalina.startup.VersionLoggerListener.log Command line argument: --add-opens=java.base/java.lang=ALL-UNNAMED
03-Jul-2025 14:31:02.312 INFO [main] org.apache.catalina.startup.VersionLoggerListener.log Command line argument: --add-opens=java.base/java.lang.invoke=ALL-UNNAMED
03-Jul-2025 14:31:02.313 INFO [main] org.apache.catalina.startup.VersionLoggerListener.log Command line argument: --add-opens=java.base/java.lang.reflect=ALL-UNNAMED
03-Jul-2025 14:31:02.314 INFO [main] org.apache.catalina.startup.VersionLoggerListener.log Command line argument: --add-opens=java.base/java.io=ALL-UNNAMED
03-Jul-2025 14:31:02.316 INFO [main] org.apache.catalina.startup.VersionLoggerListener.log Command line argument: --add-opens=java.base/java.util=ALL-UNNAMED
03-Jul-2025 14:31:02.317 INFO [main] org.apache.catalina.startup.VersionLoggerListener.log Command line argument: --add-opens=java.base/java.util.concurrent=ALL-UNNAMED
03-Jul-2025 14:31:02.317 INFO [main] org.apache.catalina.startup.VersionLoggerListener.log Command line argument: --add-opens=java.rmi/sun.rmi.transport=ALL-UNNAMED
03-Jul-2025 14:31:02.318 INFO [main] org.apache.catalina.startup.VersionLoggerListener.log Command line argument: -Djava.util.logging.config.file=D:\Projects\socket_assingment\FruitServiceEngine\tomcat9\conf\logging.properties
03-Jul-2025 14:31:02.319 INFO [main] org.apache.catalina.startup.VersionLoggerListener.log Command line argument: -Djava.util.logging.manager=org.apache.juli.ClassLoaderLogManager
03-Jul-2025 14:31:02.319 INFO [main] org.apache.catalina.startup.VersionLoggerListener.log Command line argument: -Djdk.tls.ephemeralDHKeySize=2048
03-Jul-2025 14:31:02.319 INFO [main] org.apache.catalina.startup.VersionLoggerListener.log Command line argument: -Djava.protocol.handler.pkgs=org.apache.catalina.webresources
03-Jul-2025 14:31:02.320 INFO [main] org.apache.catalina.startup.VersionLoggerListener.log Command line argument: -Dsun.io.useCanonCaches=false
03-Jul-2025 14:31:02.321 INFO [main] org.apache.catalina.startup.VersionLoggerListener.log Command line argument: -Dignore.endorsed.dirs=
03-Jul-2025 14:31:02.321 INFO [main] org.apache.catalina.startup.VersionLoggerListener.log Command line argument: -Dcatalina.base=D:\Projects\socket_assingment\FruitServiceEngine\tomcat9
03-Jul-2025 14:31:02.322 INFO [main] org.apache.catalina.startup.VersionLoggerListener.log Command line argument: -Dcatalina.home=D:\Projects\socket_assingment\FruitServiceEngine\tomcat9
03-Jul-2025 14:31:02.324 INFO [main] org.apache.catalina.startup.VersionLoggerListener.log Command line argument: -Djava.io.tmpdir=D:\Projects\socket_assingment\FruitServiceEngine\tomcat9\temp
03-Jul-2025 14:31:02.338 INFO [main] org.apache.catalina.core.AprLifecycleListener.lifecycleEvent Loaded Apache Tomcat Native library [1.3.1] using APR version [1.7.4].
03-Jul-2025 14:31:02.338 INFO [main] org.apache.catalina.core.AprLifecycleListener.lifecycleEvent APR capabilities: IPv6 [true], sendfile [true], accept filters [false], random [true], UDS [true].
03-Jul-2025 14:31:02.338 INFO [main] org.apache.catalina.core.AprLifecycleListener.lifecycleEvent APR/OpenSSL configuration: useAprConnector [false], useOpenSSL [true]
03-Jul-2025 14:31:02.372 INFO [main] org.apache.catalina.core.AprLifecycleListener.initializeSSL OpenSSL successfully initialized [OpenSSL 3.0.14 4 Jun 2024]
03-Jul-2025 14:31:03.289 INFO [main] org.apache.coyote.AbstractProtocol.init Initializing ProtocolHandler ["http-nio-8080"]
03-Jul-2025 14:31:03.402 INFO [main] org.apache.catalina.startup.Catalina.load Server initialization in [1683] milliseconds
03-Jul-2025 14:31:03.630 INFO [main] org.apache.catalina.core.StandardService.startInternal Starting service [Catalina]
03-Jul-2025 14:31:03.635 INFO [main] org.apache.catalina.core.StandardEngine.startInternal Starting Servlet engine: [Apache Tomcat/9.0.106]
03-Jul-2025 14:31:03.909 INFO [main] org.apache.catalina.startup.HostConfig.deployWAR Deploying web application archive [D:\Projects\socket_assingment\FruitServiceEngine\tomcat9\webapps\fruitserviceengine.war]
03-Jul-2025 14:31:04.404 SEVERE [main] org.apache.catalina.startup.HostConfig.deployWAR Error deploying web application archive [D:\Projects\socket_assingment\FruitServiceEngine\tomcat9\webapps\fruitserviceengine.war]
	java.lang.IllegalStateException: Error starting child
		at org.apache.catalina.core.ContainerBase.addChildInternal(ContainerBase.java:602)
		at org.apache.catalina.core.ContainerBase.addChild(ContainerBase.java:571)
		at org.apache.catalina.core.StandardHost.addChild(StandardHost.java:603)
		at org.apache.catalina.startup.HostConfig.deployWAR(HostConfig.java:1013)
		at org.apache.catalina.startup.HostConfig$DeployWar.run(HostConfig.java:1861)
		at java.base/java.util.concurrent.Executors$RunnableAdapter.call(Executors.java:577)
		at java.base/java.util.concurrent.FutureTask.run(FutureTask.java:317)
		at org.apache.tomcat.util.threads.InlineExecutorService.execute(InlineExecutorService.java:76)
		at java.base/java.util.concurrent.AbstractExecutorService.submit(AbstractExecutorService.java:123)
		at org.apache.catalina.startup.HostConfig.deployWARs(HostConfig.java:817)
		at org.apache.catalina.startup.HostConfig.deployApps(HostConfig.java:468)
		at org.apache.catalina.startup.HostConfig.start(HostConfig.java:1579)
		at org.apache.catalina.startup.HostConfig.lifecycleEvent(HostConfig.java:312)
		at org.apache.catalina.util.LifecycleBase.fireLifecycleEvent(LifecycleBase.java:109)
		at org.apache.catalina.util.LifecycleBase.setStateInternal(LifecycleBase.java:389)
		at org.apache.catalina.util.LifecycleBase.setState(LifecycleBase.java:336)
		at org.apache.catalina.core.ContainerBase.startInternal(ContainerBase.java:776)
		at org.apache.catalina.core.StandardHost.startInternal(StandardHost.java:721)
		at org.apache.catalina.util.LifecycleBase.start(LifecycleBase.java:164)
		at org.apache.catalina.core.ContainerBase$StartChild.call(ContainerBase.java:1203)
		at org.apache.catalina.core.ContainerBase$StartChild.call(ContainerBase.java:1193)
		at java.base/java.util.concurrent.FutureTask.run(FutureTask.java:317)
		at org.apache.tomcat.util.threads.InlineExecutorService.execute(InlineExecutorService.java:76)
		at java.base/java.util.concurrent.AbstractExecutorService.submit(AbstractExecutorService.java:145)
		at org.apache.catalina.core.ContainerBase.startInternal(ContainerBase.java:749)
		at org.apache.catalina.core.StandardEngine.startInternal(StandardEngine.java:211)
		at org.apache.catalina.util.LifecycleBase.start(LifecycleBase.java:164)
		at org.apache.catalina.core.StandardService.startInternal(StandardService.java:412)
		at org.apache.catalina.util.LifecycleBase.start(LifecycleBase.java:164)
		at org.apache.catalina.core.StandardServer.startInternal(StandardServer.java:874)
		at org.apache.catalina.util.LifecycleBase.start(LifecycleBase.java:164)
		at org.apache.catalina.startup.Catalina.start(Catalina.java:739)
		at java.base/jdk.internal.reflect.DirectMethodHandleAccessor.invoke(DirectMethodHandleAccessor.java:104)
		at java.base/java.lang.reflect.Method.invoke(Method.java:578)
		at org.apache.catalina.startup.Bootstrap.start(Bootstrap.java:345)
		at org.apache.catalina.startup.Bootstrap.main(Bootstrap.java:476)
	Caused by: org.apache.catalina.LifecycleException: Failed to start component [StandardEngine[Catalina].StandardHost[localhost].StandardContext[/fruitserviceengine]]
		at org.apache.catalina.util.LifecycleBase.handleSubClassException(LifecycleBase.java:406)
		at org.apache.catalina.util.LifecycleBase.start(LifecycleBase.java:179)
		at org.apache.catalina.core.ContainerBase.addChildInternal(ContainerBase.java:599)
		... 35 more
	Caused by: java.lang.IllegalArgumentException: The servlets named [AddFruitServlet] and [servlets.AddFruitServlet] are both mapped to the url-pattern [/addFruit] which is not permitted
		at org.apache.tomcat.util.descriptor.web.WebXml.addServletMappingDecoded(WebXml.java:415)
		at org.apache.tomcat.util.descriptor.web.WebXml.addServletMapping(WebXml.java:406)
		at org.apache.catalina.startup.ContextConfig.processAnnotationWebServlet(ContextConfig.java:2555)
		at org.apache.catalina.startup.ContextConfig.processClass(ContextConfig.java:2261)
		at org.apache.catalina.startup.ContextConfig.processAnnotationsStream(ContextConfig.java:2250)
		at org.apache.catalina.startup.ContextConfig.processAnnotationsWebResource(ContextConfig.java:2161)
		at org.apache.catalina.startup.ContextConfig.processAnnotationsWebResource(ContextConfig.java:2156)
		at org.apache.catalina.startup.ContextConfig.processClasses(ContextConfig.java:1361)
		at org.apache.catalina.startup.ContextConfig.webConfig(ContextConfig.java:1271)
		at org.apache.catalina.startup.ContextConfig.configureStart(ContextConfig.java:972)
		at org.apache.catalina.startup.ContextConfig.lifecycleEvent(ContextConfig.java:290)
		at org.apache.catalina.util.LifecycleBase.fireLifecycleEvent(LifecycleBase.java:109)
		at org.apache.catalina.core.StandardContext.startInternal(StandardContext.java:4407)
		at org.apache.catalina.util.LifecycleBase.start(LifecycleBase.java:164)
		... 36 more
03-Jul-2025 14:31:04.411 INFO [main] org.apache.catalina.startup.HostConfig.deployWAR Deployment of web application archive [D:\Projects\socket_assingment\FruitServiceEngine\tomcat9\webapps\fruitserviceengine.war] has finished in [500] ms
03-Jul-2025 14:31:04.413 INFO [main] org.apache.catalina.startup.HostConfig.deployDirectory Deploying web application directory [D:\Projects\socket_assingment\FruitServiceEngine\tomcat9\webapps\docs]
03-Jul-2025 14:31:05.051 INFO [main] org.apache.catalina.startup.HostConfig.deployDirectory Deployment of web application directory [D:\Projects\socket_assingment\FruitServiceEngine\tomcat9\webapps\docs] has finished in [637] ms
03-Jul-2025 14:31:05.052 INFO [main] org.apache.catalina.startup.HostConfig.deployDirectory Deploying web application directory [D:\Projects\socket_assingment\FruitServiceEngine\tomcat9\webapps\examples]
03-Jul-2025 14:31:06.103 INFO [main] org.apache.catalina.startup.HostConfig.deployDirectory Deployment of web application directory [D:\Projects\socket_assingment\FruitServiceEngine\tomcat9\webapps\examples] has finished in [1,051] ms
03-Jul-2025 14:31:06.105 INFO [main] org.apache.catalina.startup.HostConfig.deployDirectory Deploying web application directory [D:\Projects\socket_assingment\FruitServiceEngine\tomcat9\webapps\host-manager]
03-Jul-2025 14:31:06.200 INFO [main] org.apache.catalina.startup.HostConfig.deployDirectory Deployment of web application directory [D:\Projects\socket_assingment\FruitServiceEngine\tomcat9\webapps\host-manager] has finished in [95] ms
03-Jul-2025 14:31:06.200 INFO [main] org.apache.catalina.startup.HostConfig.deployDirectory Deploying web application directory [D:\Projects\socket_assingment\FruitServiceEngine\tomcat9\webapps\manager]
03-Jul-2025 14:31:06.273 INFO [main] org.apache.catalina.startup.HostConfig.deployDirectory Deployment of web application directory [D:\Projects\socket_assingment\FruitServiceEngine\tomcat9\webapps\manager] has finished in [72] ms
03-Jul-2025 14:31:06.274 INFO [main] org.apache.catalina.startup.HostConfig.deployDirectory Deploying web application directory [D:\Projects\socket_assingment\FruitServiceEngine\tomcat9\webapps\ROOT]
03-Jul-2025 14:31:06.341 INFO [main] org.apache.catalina.startup.HostConfig.deployDirectory Deployment of web application directory [D:\Projects\socket_assingment\FruitServiceEngine\tomcat9\webapps\ROOT] has finished in [68] ms
03-Jul-2025 14:31:06.361 INFO [main] org.apache.coyote.AbstractProtocol.start Starting ProtocolHandler ["http-nio-8080"]
03-Jul-2025 14:31:06.488 INFO [main] org.apache.catalina.startup.Catalina.start Server startup in [3081] milliseconds
03-Jul-2025 14:46:39.699 INFO [Thread-1] org.apache.coyote.AbstractProtocol.pause Pausing ProtocolHandler ["http-nio-8080"]
03-Jul-2025 14:46:40.462 INFO [Thread-1] org.apache.catalina.core.StandardService.stopInternal Stopping service [Catalina]
03-Jul-2025 14:46:40.499 INFO [Thread-1] org.apache.coyote.AbstractProtocol.stop Stopping ProtocolHandler ["http-nio-8080"]
03-Jul-2025 14:46:40.512 INFO [Thread-1] org.apache.coyote.AbstractProtocol.destroy Destroying ProtocolHandler ["http-nio-8080"]
03-Jul-2025 14:54:04.247 INFO [main] org.apache.catalina.startup.VersionLoggerListener.log Server version name:   Apache Tomcat/9.0.106
03-Jul-2025 14:54:04.258 INFO [main] org.apache.catalina.startup.VersionLoggerListener.log Server built:          Jun 5 2025 19:02:30 UTC
03-Jul-2025 14:54:04.259 INFO [main] org.apache.catalina.startup.VersionLoggerListener.log Server version number: 9.0.106.0
03-Jul-2025 14:54:04.260 INFO [main] org.apache.catalina.startup.VersionLoggerListener.log OS Name:               Windows 11
03-Jul-2025 14:54:04.260 INFO [main] org.apache.catalina.startup.VersionLoggerListener.log OS Version:            10.0
03-Jul-2025 14:54:04.261 INFO [main] org.apache.catalina.startup.VersionLoggerListener.log Architecture:          amd64
03-Jul-2025 14:54:04.261 INFO [main] org.apache.catalina.startup.VersionLoggerListener.log Java Home:             C:\Program Files\Java\jdk-19
03-Jul-2025 14:54:04.262 INFO [main] org.apache.catalina.startup.VersionLoggerListener.log JVM Version:           19.0.1+10-21
03-Jul-2025 14:54:04.263 INFO [main] org.apache.catalina.startup.VersionLoggerListener.log JVM Vendor:            Oracle Corporation
03-Jul-2025 14:54:04.264 INFO [main] org.apache.catalina.startup.VersionLoggerListener.log CATALINA_BASE:         D:\Projects\socket_assingment\FruitServiceEngine\tomcat9
03-Jul-2025 14:54:04.265 INFO [main] org.apache.catalina.startup.VersionLoggerListener.log CATALINA_HOME:         D:\Projects\socket_assingment\FruitServiceEngine\tomcat9
03-Jul-2025 14:54:04.309 INFO [main] org.apache.catalina.startup.VersionLoggerListener.log Command line argument: --add-opens=java.base/java.lang=ALL-UNNAMED
03-Jul-2025 14:54:04.310 INFO [main] org.apache.catalina.startup.VersionLoggerListener.log Command line argument: --add-opens=java.base/java.lang.invoke=ALL-UNNAMED
03-Jul-2025 14:54:04.311 INFO [main] org.apache.catalina.startup.VersionLoggerListener.log Command line argument: --add-opens=java.base/java.lang.reflect=ALL-UNNAMED
03-Jul-2025 14:54:04.311 INFO [main] org.apache.catalina.startup.VersionLoggerListener.log Command line argument: --add-opens=java.base/java.io=ALL-UNNAMED
03-Jul-2025 14:54:04.312 INFO [main] org.apache.catalina.startup.VersionLoggerListener.log Command line argument: --add-opens=java.base/java.util=ALL-UNNAMED
03-Jul-2025 14:54:04.313 INFO [main] org.apache.catalina.startup.VersionLoggerListener.log Command line argument: --add-opens=java.base/java.util.concurrent=ALL-UNNAMED
03-Jul-2025 14:54:04.313 INFO [main] org.apache.catalina.startup.VersionLoggerListener.log Command line argument: --add-opens=java.rmi/sun.rmi.transport=ALL-UNNAMED
03-Jul-2025 14:54:04.314 INFO [main] org.apache.catalina.startup.VersionLoggerListener.log Command line argument: -Djava.util.logging.config.file=D:\Projects\socket_assingment\FruitServiceEngine\tomcat9\conf\logging.properties
03-Jul-2025 14:54:04.315 INFO [main] org.apache.catalina.startup.VersionLoggerListener.log Command line argument: -Djava.util.logging.manager=org.apache.juli.ClassLoaderLogManager
03-Jul-2025 14:54:04.315 INFO [main] org.apache.catalina.startup.VersionLoggerListener.log Command line argument: -Djdk.tls.ephemeralDHKeySize=2048
03-Jul-2025 14:54:04.316 INFO [main] org.apache.catalina.startup.VersionLoggerListener.log Command line argument: -Djava.protocol.handler.pkgs=org.apache.catalina.webresources
03-Jul-2025 14:54:04.317 INFO [main] org.apache.catalina.startup.VersionLoggerListener.log Command line argument: -Dsun.io.useCanonCaches=false
03-Jul-2025 14:54:04.317 INFO [main] org.apache.catalina.startup.VersionLoggerListener.log Command line argument: -Dignore.endorsed.dirs=
03-Jul-2025 14:54:04.318 INFO [main] org.apache.catalina.startup.VersionLoggerListener.log Command line argument: -Dcatalina.base=D:\Projects\socket_assingment\FruitServiceEngine\tomcat9
03-Jul-2025 14:54:04.320 INFO [main] org.apache.catalina.startup.VersionLoggerListener.log Command line argument: -Dcatalina.home=D:\Projects\socket_assingment\FruitServiceEngine\tomcat9
03-Jul-2025 14:54:04.320 INFO [main] org.apache.catalina.startup.VersionLoggerListener.log Command line argument: -Djava.io.tmpdir=D:\Projects\socket_assingment\FruitServiceEngine\tomcat9\temp
03-Jul-2025 14:54:04.335 INFO [main] org.apache.catalina.core.AprLifecycleListener.lifecycleEvent Loaded Apache Tomcat Native library [1.3.1] using APR version [1.7.4].
03-Jul-2025 14:54:04.335 INFO [main] org.apache.catalina.core.AprLifecycleListener.lifecycleEvent APR capabilities: IPv6 [true], sendfile [true], accept filters [false], random [true], UDS [true].
03-Jul-2025 14:54:04.335 INFO [main] org.apache.catalina.core.AprLifecycleListener.lifecycleEvent APR/OpenSSL configuration: useAprConnector [false], useOpenSSL [true]
03-Jul-2025 14:54:04.375 INFO [main] org.apache.catalina.core.AprLifecycleListener.initializeSSL OpenSSL successfully initialized [OpenSSL 3.0.14 4 Jun 2024]
03-Jul-2025 14:54:05.824 INFO [main] org.apache.coyote.AbstractProtocol.init Initializing ProtocolHandler ["http-nio-8080"]
03-Jul-2025 14:54:05.908 INFO [main] org.apache.catalina.startup.Catalina.load Server initialization in [2351] milliseconds
03-Jul-2025 14:54:06.101 INFO [main] org.apache.catalina.core.StandardService.startInternal Starting service [Catalina]
03-Jul-2025 14:54:06.103 INFO [main] org.apache.catalina.core.StandardEngine.startInternal Starting Servlet engine: [Apache Tomcat/9.0.106]
03-Jul-2025 14:54:06.175 INFO [main] org.apache.catalina.startup.HostConfig.deployWAR Deploying web application archive [D:\Projects\socket_assingment\FruitServiceEngine\tomcat9\webapps\fruitserviceengine.war]
03-Jul-2025 14:54:06.238 INFO [main] org.apache.catalina.startup.ExpandWar.expand An expanded directory [D:\Projects\socket_assingment\FruitServiceEngine\tomcat9\webapps\fruitserviceengine] was found with a last modified time that did not match the associated WAR. It will be deleted.
03-Jul-2025 14:54:07.471 WARNING [main] org.apache.catalina.util.SessionIdGeneratorBase.createSecureRandom Creation of SecureRandom instance for session ID generation using [SHA1PRNG] took [106] milliseconds.
03-Jul-2025 14:54:07.529 INFO [main] org.apache.catalina.startup.HostConfig.deployWAR Deployment of web application archive [D:\Projects\socket_assingment\FruitServiceEngine\tomcat9\webapps\fruitserviceengine.war] has finished in [1,354] ms
03-Jul-2025 14:54:07.531 INFO [main] org.apache.catalina.startup.HostConfig.deployDirectory Deploying web application directory [D:\Projects\socket_assingment\FruitServiceEngine\tomcat9\webapps\docs]
03-Jul-2025 14:54:07.660 INFO [main] org.apache.catalina.startup.HostConfig.deployDirectory Deployment of web application directory [D:\Projects\socket_assingment\FruitServiceEngine\tomcat9\webapps\docs] has finished in [127] ms
03-Jul-2025 14:54:07.668 INFO [main] org.apache.catalina.startup.HostConfig.deployDirectory Deploying web application directory [D:\Projects\socket_assingment\FruitServiceEngine\tomcat9\webapps\examples]
03-Jul-2025 14:54:09.063 INFO [main] org.apache.catalina.startup.HostConfig.deployDirectory Deployment of web application directory [D:\Projects\socket_assingment\FruitServiceEngine\tomcat9\webapps\examples] has finished in [1,396] ms
03-Jul-2025 14:54:09.065 INFO [main] org.apache.catalina.startup.HostConfig.deployDirectory Deploying web application directory [D:\Projects\socket_assingment\FruitServiceEngine\tomcat9\webapps\host-manager]
03-Jul-2025 14:54:09.169 INFO [main] org.apache.catalina.startup.HostConfig.deployDirectory Deployment of web application directory [D:\Projects\socket_assingment\FruitServiceEngine\tomcat9\webapps\host-manager] has finished in [105] ms
03-Jul-2025 14:54:09.171 INFO [main] org.apache.catalina.startup.HostConfig.deployDirectory Deploying web application directory [D:\Projects\socket_assingment\FruitServiceEngine\tomcat9\webapps\manager]
03-Jul-2025 14:54:09.290 INFO [main] org.apache.catalina.startup.HostConfig.deployDirectory Deployment of web application directory [D:\Projects\socket_assingment\FruitServiceEngine\tomcat9\webapps\manager] has finished in [119] ms
03-Jul-2025 14:54:09.291 INFO [main] org.apache.catalina.startup.HostConfig.deployDirectory Deploying web application directory [D:\Projects\socket_assingment\FruitServiceEngine\tomcat9\webapps\ROOT]
03-Jul-2025 14:54:09.382 INFO [main] org.apache.catalina.startup.HostConfig.deployDirectory Deployment of web application directory [D:\Projects\socket_assingment\FruitServiceEngine\tomcat9\webapps\ROOT] has finished in [91] ms
03-Jul-2025 14:54:09.399 INFO [main] org.apache.coyote.AbstractProtocol.start Starting ProtocolHandler ["http-nio-8080"]
03-Jul-2025 14:54:09.591 INFO [main] org.apache.catalina.startup.Catalina.start Server startup in [3679] milliseconds
03-Jul-2025 14:57:28.281 INFO [Thread-1] org.apache.coyote.AbstractProtocol.pause Pausing ProtocolHandler ["http-nio-8080"]
03-Jul-2025 14:57:29.035 INFO [Thread-1] org.apache.catalina.core.StandardService.stopInternal Stopping service [Catalina]
03-Jul-2025 14:57:29.076 INFO [Thread-1] org.apache.coyote.AbstractProtocol.stop Stopping ProtocolHandler ["http-nio-8080"]
03-Jul-2025 14:57:29.088 INFO [Thread-1] org.apache.coyote.AbstractProtocol.destroy Destroying ProtocolHandler ["http-nio-8080"]
03-Jul-2025 14:59:32.781 INFO [main] org.apache.catalina.startup.VersionLoggerListener.log Server version name:   Apache Tomcat/9.0.106
03-Jul-2025 14:59:32.788 INFO [main] org.apache.catalina.startup.VersionLoggerListener.log Server built:          Jun 5 2025 19:02:30 UTC
03-Jul-2025 14:59:32.789 INFO [main] org.apache.catalina.startup.VersionLoggerListener.log Server version number: 9.0.106.0
03-Jul-2025 14:59:32.790 INFO [main] org.apache.catalina.startup.VersionLoggerListener.log OS Name:               Windows 11
03-Jul-2025 14:59:32.790 INFO [main] org.apache.catalina.startup.VersionLoggerListener.log OS Version:            10.0
03-Jul-2025 14:59:32.791 INFO [main] org.apache.catalina.startup.VersionLoggerListener.log Architecture:          amd64
03-Jul-2025 14:59:32.791 INFO [main] org.apache.catalina.startup.VersionLoggerListener.log Java Home:             C:\Program Files\Java\jdk-19
03-Jul-2025 14:59:32.792 INFO [main] org.apache.catalina.startup.VersionLoggerListener.log JVM Version:           19.0.1+10-21
03-Jul-2025 14:59:32.792 INFO [main] org.apache.catalina.startup.VersionLoggerListener.log JVM Vendor:            Oracle Corporation
03-Jul-2025 14:59:32.792 INFO [main] org.apache.catalina.startup.VersionLoggerListener.log CATALINA_BASE:         D:\Projects\socket_assingment\FruitServiceEngine\tomcat9
03-Jul-2025 14:59:32.793 INFO [main] org.apache.catalina.startup.VersionLoggerListener.log CATALINA_HOME:         D:\Projects\socket_assingment\FruitServiceEngine\tomcat9
03-Jul-2025 14:59:32.824 INFO [main] org.apache.catalina.startup.VersionLoggerListener.log Command line argument: --add-opens=java.base/java.lang=ALL-UNNAMED
03-Jul-2025 14:59:32.825 INFO [main] org.apache.catalina.startup.VersionLoggerListener.log Command line argument: --add-opens=java.base/java.lang.invoke=ALL-UNNAMED
03-Jul-2025 14:59:32.825 INFO [main] org.apache.catalina.startup.VersionLoggerListener.log Command line argument: --add-opens=java.base/java.lang.reflect=ALL-UNNAMED
03-Jul-2025 14:59:32.826 INFO [main] org.apache.catalina.startup.VersionLoggerListener.log Command line argument: --add-opens=java.base/java.io=ALL-UNNAMED
03-Jul-2025 14:59:32.826 INFO [main] org.apache.catalina.startup.VersionLoggerListener.log Command line argument: --add-opens=java.base/java.util=ALL-UNNAMED
03-Jul-2025 14:59:32.826 INFO [main] org.apache.catalina.startup.VersionLoggerListener.log Command line argument: --add-opens=java.base/java.util.concurrent=ALL-UNNAMED
03-Jul-2025 14:59:32.827 INFO [main] org.apache.catalina.startup.VersionLoggerListener.log Command line argument: --add-opens=java.rmi/sun.rmi.transport=ALL-UNNAMED
03-Jul-2025 14:59:32.827 INFO [main] org.apache.catalina.startup.VersionLoggerListener.log Command line argument: -Djava.util.logging.config.file=D:\Projects\socket_assingment\FruitServiceEngine\tomcat9\conf\logging.properties
03-Jul-2025 14:59:32.828 INFO [main] org.apache.catalina.startup.VersionLoggerListener.log Command line argument: -Djava.util.logging.manager=org.apache.juli.ClassLoaderLogManager
03-Jul-2025 14:59:32.828 INFO [main] org.apache.catalina.startup.VersionLoggerListener.log Command line argument: -Djdk.tls.ephemeralDHKeySize=2048
03-Jul-2025 14:59:32.829 INFO [main] org.apache.catalina.startup.VersionLoggerListener.log Command line argument: -Djava.protocol.handler.pkgs=org.apache.catalina.webresources
03-Jul-2025 14:59:32.829 INFO [main] org.apache.catalina.startup.VersionLoggerListener.log Command line argument: -Dsun.io.useCanonCaches=false
03-Jul-2025 14:59:32.830 INFO [main] org.apache.catalina.startup.VersionLoggerListener.log Command line argument: -Dignore.endorsed.dirs=
03-Jul-2025 14:59:32.830 INFO [main] org.apache.catalina.startup.VersionLoggerListener.log Command line argument: -Dcatalina.base=D:\Projects\socket_assingment\FruitServiceEngine\tomcat9
03-Jul-2025 14:59:32.831 INFO [main] org.apache.catalina.startup.VersionLoggerListener.log Command line argument: -Dcatalina.home=D:\Projects\socket_assingment\FruitServiceEngine\tomcat9
03-Jul-2025 14:59:32.831 INFO [main] org.apache.catalina.startup.VersionLoggerListener.log Command line argument: -Djava.io.tmpdir=D:\Projects\socket_assingment\FruitServiceEngine\tomcat9\temp
03-Jul-2025 14:59:32.838 INFO [main] org.apache.catalina.core.AprLifecycleListener.lifecycleEvent Loaded Apache Tomcat Native library [1.3.1] using APR version [1.7.4].
03-Jul-2025 14:59:32.839 INFO [main] org.apache.catalina.core.AprLifecycleListener.lifecycleEvent APR capabilities: IPv6 [true], sendfile [true], accept filters [false], random [true], UDS [true].
03-Jul-2025 14:59:32.840 INFO [main] org.apache.catalina.core.AprLifecycleListener.lifecycleEvent APR/OpenSSL configuration: useAprConnector [false], useOpenSSL [true]
03-Jul-2025 14:59:32.851 INFO [main] org.apache.catalina.core.AprLifecycleListener.initializeSSL OpenSSL successfully initialized [OpenSSL 3.0.14 4 Jun 2024]
03-Jul-2025 14:59:33.569 INFO [main] org.apache.coyote.AbstractProtocol.init Initializing ProtocolHandler ["http-nio-8080"]
03-Jul-2025 14:59:33.626 INFO [main] org.apache.catalina.startup.Catalina.load Server initialization in [1336] milliseconds
03-Jul-2025 14:59:33.756 INFO [main] org.apache.catalina.core.StandardService.startInternal Starting service [Catalina]
03-Jul-2025 14:59:33.757 INFO [main] org.apache.catalina.core.StandardEngine.startInternal Starting Servlet engine: [Apache Tomcat/9.0.106]
03-Jul-2025 14:59:33.969 INFO [main] org.apache.catalina.startup.HostConfig.deployWAR Deploying web application archive [D:\Projects\socket_assingment\FruitServiceEngine\tomcat9\webapps\fruitserviceengine.war]
03-Jul-2025 14:59:34.010 INFO [main] org.apache.catalina.startup.ExpandWar.expand An expanded directory [D:\Projects\socket_assingment\FruitServiceEngine\tomcat9\webapps\fruitserviceengine] was found with a last modified time that did not match the associated WAR. It will be deleted.
03-Jul-2025 14:59:34.821 INFO [main] org.apache.catalina.startup.HostConfig.deployWAR Deployment of web application archive [D:\Projects\socket_assingment\FruitServiceEngine\tomcat9\webapps\fruitserviceengine.war] has finished in [851] ms
03-Jul-2025 14:59:34.823 INFO [main] org.apache.catalina.startup.HostConfig.deployDirectory Deploying web application directory [D:\Projects\socket_assingment\FruitServiceEngine\tomcat9\webapps\docs]
03-Jul-2025 14:59:34.900 INFO [main] org.apache.catalina.startup.HostConfig.deployDirectory Deployment of web application directory [D:\Projects\socket_assingment\FruitServiceEngine\tomcat9\webapps\docs] has finished in [77] ms
03-Jul-2025 14:59:34.901 INFO [main] org.apache.catalina.startup.HostConfig.deployDirectory Deploying web application directory [D:\Projects\socket_assingment\FruitServiceEngine\tomcat9\webapps\examples]
03-Jul-2025 14:59:35.912 INFO [main] org.apache.catalina.startup.HostConfig.deployDirectory Deployment of web application directory [D:\Projects\socket_assingment\FruitServiceEngine\tomcat9\webapps\examples] has finished in [1,011] ms
03-Jul-2025 14:59:35.913 INFO [main] org.apache.catalina.startup.HostConfig.deployDirectory Deploying web application directory [D:\Projects\socket_assingment\FruitServiceEngine\tomcat9\webapps\host-manager]
03-Jul-2025 14:59:35.987 INFO [main] org.apache.catalina.startup.HostConfig.deployDirectory Deployment of web application directory [D:\Projects\socket_assingment\FruitServiceEngine\tomcat9\webapps\host-manager] has finished in [74] ms
03-Jul-2025 14:59:35.988 INFO [main] org.apache.catalina.startup.HostConfig.deployDirectory Deploying web application directory [D:\Projects\socket_assingment\FruitServiceEngine\tomcat9\webapps\manager]
03-Jul-2025 14:59:36.051 INFO [main] org.apache.catalina.startup.HostConfig.deployDirectory Deployment of web application directory [D:\Projects\socket_assingment\FruitServiceEngine\tomcat9\webapps\manager] has finished in [63] ms
03-Jul-2025 14:59:36.052 INFO [main] org.apache.catalina.startup.HostConfig.deployDirectory Deploying web application directory [D:\Projects\socket_assingment\FruitServiceEngine\tomcat9\webapps\ROOT]
03-Jul-2025 14:59:36.103 INFO [main] org.apache.catalina.startup.HostConfig.deployDirectory Deployment of web application directory [D:\Projects\socket_assingment\FruitServiceEngine\tomcat9\webapps\ROOT] has finished in [51] ms
03-Jul-2025 14:59:36.115 INFO [main] org.apache.coyote.AbstractProtocol.start Starting ProtocolHandler ["http-nio-8080"]
03-Jul-2025 14:59:36.231 INFO [main] org.apache.catalina.startup.Catalina.start Server startup in [2601] milliseconds
03-Jul-2025 15:03:43.507 INFO [Thread-1] org.apache.coyote.AbstractProtocol.pause Pausing ProtocolHandler ["http-nio-8080"]
03-Jul-2025 15:03:44.336 INFO [Thread-1] org.apache.catalina.core.StandardService.stopInternal Stopping service [Catalina]
03-Jul-2025 15:03:44.385 INFO [Thread-1] org.apache.coyote.AbstractProtocol.stop Stopping ProtocolHandler ["http-nio-8080"]
03-Jul-2025 15:03:44.406 INFO [Thread-1] org.apache.coyote.AbstractProtocol.destroy Destroying ProtocolHandler ["http-nio-8080"]
03-Jul-2025 15:08:27.838 INFO [main] org.apache.catalina.startup.VersionLoggerListener.log Server version name:   Apache Tomcat/9.0.106
03-Jul-2025 15:08:27.845 INFO [main] org.apache.catalina.startup.VersionLoggerListener.log Server built:          Jun 5 2025 19:02:30 UTC
03-Jul-2025 15:08:27.847 INFO [main] org.apache.catalina.startup.VersionLoggerListener.log Server version number: 9.0.106.0
03-Jul-2025 15:08:27.847 INFO [main] org.apache.catalina.startup.VersionLoggerListener.log OS Name:               Windows 11
03-Jul-2025 15:08:27.848 INFO [main] org.apache.catalina.startup.VersionLoggerListener.log OS Version:            10.0
03-Jul-2025 15:08:27.848 INFO [main] org.apache.catalina.startup.VersionLoggerListener.log Architecture:          amd64
03-Jul-2025 15:08:27.849 INFO [main] org.apache.catalina.startup.VersionLoggerListener.log Java Home:             C:\Program Files\Java\jdk-19
03-Jul-2025 15:08:27.849 INFO [main] org.apache.catalina.startup.VersionLoggerListener.log JVM Version:           19.0.1+10-21
03-Jul-2025 15:08:27.850 INFO [main] org.apache.catalina.startup.VersionLoggerListener.log JVM Vendor:            Oracle Corporation
03-Jul-2025 15:08:27.850 INFO [main] org.apache.catalina.startup.VersionLoggerListener.log CATALINA_BASE:         D:\Projects\socket_assingment\FruitServiceEngine\tomcat9
03-Jul-2025 15:08:27.851 INFO [main] org.apache.catalina.startup.VersionLoggerListener.log CATALINA_HOME:         D:\Projects\socket_assingment\FruitServiceEngine\tomcat9
03-Jul-2025 15:08:27.876 INFO [main] org.apache.catalina.startup.VersionLoggerListener.log Command line argument: --add-opens=java.base/java.lang=ALL-UNNAMED
03-Jul-2025 15:08:27.877 INFO [main] org.apache.catalina.startup.VersionLoggerListener.log Command line argument: --add-opens=java.base/java.lang.invoke=ALL-UNNAMED
03-Jul-2025 15:08:27.878 INFO [main] org.apache.catalina.startup.VersionLoggerListener.log Command line argument: --add-opens=java.base/java.lang.reflect=ALL-UNNAMED
03-Jul-2025 15:08:27.878 INFO [main] org.apache.catalina.startup.VersionLoggerListener.log Command line argument: --add-opens=java.base/java.io=ALL-UNNAMED
03-Jul-2025 15:08:27.879 INFO [main] org.apache.catalina.startup.VersionLoggerListener.log Command line argument: --add-opens=java.base/java.util=ALL-UNNAMED
03-Jul-2025 15:08:27.879 INFO [main] org.apache.catalina.startup.VersionLoggerListener.log Command line argument: --add-opens=java.base/java.util.concurrent=ALL-UNNAMED
03-Jul-2025 15:08:27.880 INFO [main] org.apache.catalina.startup.VersionLoggerListener.log Command line argument: --add-opens=java.rmi/sun.rmi.transport=ALL-UNNAMED
03-Jul-2025 15:08:27.881 INFO [main] org.apache.catalina.startup.VersionLoggerListener.log Command line argument: -Djava.util.logging.config.file=D:\Projects\socket_assingment\FruitServiceEngine\tomcat9\conf\logging.properties
03-Jul-2025 15:08:27.882 INFO [main] org.apache.catalina.startup.VersionLoggerListener.log Command line argument: -Djava.util.logging.manager=org.apache.juli.ClassLoaderLogManager
03-Jul-2025 15:08:27.882 INFO [main] org.apache.catalina.startup.VersionLoggerListener.log Command line argument: -Djdk.tls.ephemeralDHKeySize=2048
03-Jul-2025 15:08:27.883 INFO [main] org.apache.catalina.startup.VersionLoggerListener.log Command line argument: -Djava.protocol.handler.pkgs=org.apache.catalina.webresources
03-Jul-2025 15:08:27.885 INFO [main] org.apache.catalina.startup.VersionLoggerListener.log Command line argument: -Dsun.io.useCanonCaches=false
03-Jul-2025 15:08:27.885 INFO [main] org.apache.catalina.startup.VersionLoggerListener.log Command line argument: -Dignore.endorsed.dirs=
03-Jul-2025 15:08:27.886 INFO [main] org.apache.catalina.startup.VersionLoggerListener.log Command line argument: -Dcatalina.base=D:\Projects\socket_assingment\FruitServiceEngine\tomcat9
03-Jul-2025 15:08:27.888 INFO [main] org.apache.catalina.startup.VersionLoggerListener.log Command line argument: -Dcatalina.home=D:\Projects\socket_assingment\FruitServiceEngine\tomcat9
03-Jul-2025 15:08:27.889 INFO [main] org.apache.catalina.startup.VersionLoggerListener.log Command line argument: -Djava.io.tmpdir=D:\Projects\socket_assingment\FruitServiceEngine\tomcat9\temp
03-Jul-2025 15:08:27.897 INFO [main] org.apache.catalina.core.AprLifecycleListener.lifecycleEvent Loaded Apache Tomcat Native library [1.3.1] using APR version [1.7.4].
03-Jul-2025 15:08:27.897 INFO [main] org.apache.catalina.core.AprLifecycleListener.lifecycleEvent APR capabilities: IPv6 [true], sendfile [true], accept filters [false], random [true], UDS [true].
03-Jul-2025 15:08:27.898 INFO [main] org.apache.catalina.core.AprLifecycleListener.lifecycleEvent APR/OpenSSL configuration: useAprConnector [false], useOpenSSL [true]
03-Jul-2025 15:08:27.912 INFO [main] org.apache.catalina.core.AprLifecycleListener.initializeSSL OpenSSL successfully initialized [OpenSSL 3.0.14 4 Jun 2024]
03-Jul-2025 15:08:28.708 INFO [main] org.apache.coyote.AbstractProtocol.init Initializing ProtocolHandler ["http-nio-8080"]
03-Jul-2025 15:08:28.760 INFO [main] org.apache.catalina.startup.Catalina.load Server initialization in [1398] milliseconds
03-Jul-2025 15:08:28.889 INFO [main] org.apache.catalina.core.StandardService.startInternal Starting service [Catalina]
03-Jul-2025 15:08:28.890 INFO [main] org.apache.catalina.core.StandardEngine.startInternal Starting Servlet engine: [Apache Tomcat/9.0.106]
03-Jul-2025 15:08:28.940 INFO [main] org.apache.catalina.startup.HostConfig.deployWAR Deploying web application archive [D:\Projects\socket_assingment\FruitServiceEngine\tomcat9\webapps\fruitserviceengine.war]
03-Jul-2025 15:08:29.000 INFO [main] org.apache.catalina.startup.ExpandWar.expand An expanded directory [D:\Projects\socket_assingment\FruitServiceEngine\tomcat9\webapps\fruitserviceengine] was found with a last modified time that did not match the associated WAR. It will be deleted.
03-Jul-2025 15:08:29.876 INFO [main] org.apache.catalina.startup.HostConfig.deployWAR Deployment of web application archive [D:\Projects\socket_assingment\FruitServiceEngine\tomcat9\webapps\fruitserviceengine.war] has finished in [935] ms
03-Jul-2025 15:08:29.878 INFO [main] org.apache.catalina.startup.HostConfig.deployDirectory Deploying web application directory [D:\Projects\socket_assingment\FruitServiceEngine\tomcat9\webapps\docs]
03-Jul-2025 15:08:29.938 INFO [main] org.apache.catalina.startup.HostConfig.deployDirectory Deployment of web application directory [D:\Projects\socket_assingment\FruitServiceEngine\tomcat9\webapps\docs] has finished in [60] ms
03-Jul-2025 15:08:29.938 INFO [main] org.apache.catalina.startup.HostConfig.deployDirectory Deploying web application directory [D:\Projects\socket_assingment\FruitServiceEngine\tomcat9\webapps\examples]
03-Jul-2025 15:08:30.715 INFO [main] org.apache.catalina.startup.HostConfig.deployDirectory Deployment of web application directory [D:\Projects\socket_assingment\FruitServiceEngine\tomcat9\webapps\examples] has finished in [776] ms
03-Jul-2025 15:08:30.716 INFO [main] org.apache.catalina.startup.HostConfig.deployDirectory Deploying web application directory [D:\Projects\socket_assingment\FruitServiceEngine\tomcat9\webapps\host-manager]
03-Jul-2025 15:08:30.790 INFO [main] org.apache.catalina.startup.HostConfig.deployDirectory Deployment of web application directory [D:\Projects\socket_assingment\FruitServiceEngine\tomcat9\webapps\host-manager] has finished in [74] ms
03-Jul-2025 15:08:30.792 INFO [main] org.apache.catalina.startup.HostConfig.deployDirectory Deploying web application directory [D:\Projects\socket_assingment\FruitServiceEngine\tomcat9\webapps\manager]
03-Jul-2025 15:08:30.877 INFO [main] org.apache.catalina.startup.HostConfig.deployDirectory Deployment of web application directory [D:\Projects\socket_assingment\FruitServiceEngine\tomcat9\webapps\manager] has finished in [85] ms
03-Jul-2025 15:08:30.877 INFO [main] org.apache.catalina.startup.HostConfig.deployDirectory Deploying web application directory [D:\Projects\socket_assingment\FruitServiceEngine\tomcat9\webapps\ROOT]
03-Jul-2025 15:08:30.940 INFO [main] org.apache.catalina.startup.HostConfig.deployDirectory Deployment of web application directory [D:\Projects\socket_assingment\FruitServiceEngine\tomcat9\webapps\ROOT] has finished in [62] ms
03-Jul-2025 15:08:30.952 INFO [main] org.apache.coyote.AbstractProtocol.start Starting ProtocolHandler ["http-nio-8080"]
03-Jul-2025 15:08:31.086 INFO [main] org.apache.catalina.startup.Catalina.start Server startup in [2321] milliseconds
03-Jul-2025 15:10:27.810 INFO [Thread-1] org.apache.coyote.AbstractProtocol.pause Pausing ProtocolHandler ["http-nio-8080"]
03-Jul-2025 15:10:28.595 INFO [Thread-1] org.apache.catalina.core.StandardService.stopInternal Stopping service [Catalina]
03-Jul-2025 15:10:28.639 INFO [Thread-1] org.apache.coyote.AbstractProtocol.stop Stopping ProtocolHandler ["http-nio-8080"]
03-Jul-2025 15:10:28.660 INFO [Thread-1] org.apache.coyote.AbstractProtocol.destroy Destroying ProtocolHandler ["http-nio-8080"]
03-Jul-2025 15:13:52.963 INFO [main] org.apache.catalina.startup.VersionLoggerListener.log Server version name:   Apache Tomcat/9.0.106
03-Jul-2025 15:13:52.972 INFO [main] org.apache.catalina.startup.VersionLoggerListener.log Server built:          Jun 5 2025 19:02:30 UTC
03-Jul-2025 15:13:52.973 INFO [main] org.apache.catalina.startup.VersionLoggerListener.log Server version number: 9.0.106.0
03-Jul-2025 15:13:52.974 INFO [main] org.apache.catalina.startup.VersionLoggerListener.log OS Name:               Windows 11
03-Jul-2025 15:13:52.974 INFO [main] org.apache.catalina.startup.VersionLoggerListener.log OS Version:            10.0
03-Jul-2025 15:13:52.975 INFO [main] org.apache.catalina.startup.VersionLoggerListener.log Architecture:          amd64
03-Jul-2025 15:13:52.975 INFO [main] org.apache.catalina.startup.VersionLoggerListener.log Java Home:             C:\Program Files\Java\jdk-19
03-Jul-2025 15:13:52.976 INFO [main] org.apache.catalina.startup.VersionLoggerListener.log JVM Version:           19.0.1+10-21
03-Jul-2025 15:13:52.976 INFO [main] org.apache.catalina.startup.VersionLoggerListener.log JVM Vendor:            Oracle Corporation
03-Jul-2025 15:13:52.977 INFO [main] org.apache.catalina.startup.VersionLoggerListener.log CATALINA_BASE:         D:\Projects\socket_assingment\FruitServiceEngine\tomcat9
03-Jul-2025 15:13:52.977 INFO [main] org.apache.catalina.startup.VersionLoggerListener.log CATALINA_HOME:         D:\Projects\socket_assingment\FruitServiceEngine\tomcat9
03-Jul-2025 15:13:53.001 INFO [main] org.apache.catalina.startup.VersionLoggerListener.log Command line argument: --add-opens=java.base/java.lang=ALL-UNNAMED
03-Jul-2025 15:13:53.001 INFO [main] org.apache.catalina.startup.VersionLoggerListener.log Command line argument: --add-opens=java.base/java.lang.invoke=ALL-UNNAMED
03-Jul-2025 15:13:53.002 INFO [main] org.apache.catalina.startup.VersionLoggerListener.log Command line argument: --add-opens=java.base/java.lang.reflect=ALL-UNNAMED
03-Jul-2025 15:13:53.003 INFO [main] org.apache.catalina.startup.VersionLoggerListener.log Command line argument: --add-opens=java.base/java.io=ALL-UNNAMED
03-Jul-2025 15:13:53.003 INFO [main] org.apache.catalina.startup.VersionLoggerListener.log Command line argument: --add-opens=java.base/java.util=ALL-UNNAMED
03-Jul-2025 15:13:53.004 INFO [main] org.apache.catalina.startup.VersionLoggerListener.log Command line argument: --add-opens=java.base/java.util.concurrent=ALL-UNNAMED
03-Jul-2025 15:13:53.005 INFO [main] org.apache.catalina.startup.VersionLoggerListener.log Command line argument: --add-opens=java.rmi/sun.rmi.transport=ALL-UNNAMED
03-Jul-2025 15:13:53.005 INFO [main] org.apache.catalina.startup.VersionLoggerListener.log Command line argument: -Djava.util.logging.config.file=D:\Projects\socket_assingment\FruitServiceEngine\tomcat9\conf\logging.properties
03-Jul-2025 15:13:53.006 INFO [main] org.apache.catalina.startup.VersionLoggerListener.log Command line argument: -Djava.util.logging.manager=org.apache.juli.ClassLoaderLogManager
03-Jul-2025 15:13:53.006 INFO [main] org.apache.catalina.startup.VersionLoggerListener.log Command line argument: -Djdk.tls.ephemeralDHKeySize=2048
03-Jul-2025 15:13:53.007 INFO [main] org.apache.catalina.startup.VersionLoggerListener.log Command line argument: -Djava.protocol.handler.pkgs=org.apache.catalina.webresources
03-Jul-2025 15:13:53.007 INFO [main] org.apache.catalina.startup.VersionLoggerListener.log Command line argument: -Dsun.io.useCanonCaches=false
03-Jul-2025 15:13:53.008 INFO [main] org.apache.catalina.startup.VersionLoggerListener.log Command line argument: -Dignore.endorsed.dirs=
03-Jul-2025 15:13:53.008 INFO [main] org.apache.catalina.startup.VersionLoggerListener.log Command line argument: -Dcatalina.base=D:\Projects\socket_assingment\FruitServiceEngine\tomcat9
03-Jul-2025 15:13:53.009 INFO [main] org.apache.catalina.startup.VersionLoggerListener.log Command line argument: -Dcatalina.home=D:\Projects\socket_assingment\FruitServiceEngine\tomcat9
03-Jul-2025 15:13:53.009 INFO [main] org.apache.catalina.startup.VersionLoggerListener.log Command line argument: -Djava.io.tmpdir=D:\Projects\socket_assingment\FruitServiceEngine\tomcat9\temp
03-Jul-2025 15:13:53.016 INFO [main] org.apache.catalina.core.AprLifecycleListener.lifecycleEvent Loaded Apache Tomcat Native library [1.3.1] using APR version [1.7.4].
03-Jul-2025 15:13:53.017 INFO [main] org.apache.catalina.core.AprLifecycleListener.lifecycleEvent APR capabilities: IPv6 [true], sendfile [true], accept filters [false], random [true], UDS [true].
03-Jul-2025 15:13:53.018 INFO [main] org.apache.catalina.core.AprLifecycleListener.lifecycleEvent APR/OpenSSL configuration: useAprConnector [false], useOpenSSL [true]
03-Jul-2025 15:13:53.031 INFO [main] org.apache.catalina.core.AprLifecycleListener.initializeSSL OpenSSL successfully initialized [OpenSSL 3.0.14 4 Jun 2024]
03-Jul-2025 15:13:53.956 INFO [main] org.apache.coyote.AbstractProtocol.init Initializing ProtocolHandler ["http-nio-8080"]
03-Jul-2025 15:13:54.026 INFO [main] org.apache.catalina.startup.Catalina.load Server initialization in [1629] milliseconds
03-Jul-2025 15:13:54.182 INFO [main] org.apache.catalina.core.StandardService.startInternal Starting service [Catalina]
03-Jul-2025 15:13:54.183 INFO [main] org.apache.catalina.core.StandardEngine.startInternal Starting Servlet engine: [Apache Tomcat/9.0.106]
03-Jul-2025 15:13:54.246 INFO [main] org.apache.catalina.startup.HostConfig.deployWAR Deploying web application archive [D:\Projects\socket_assingment\FruitServiceEngine\tomcat9\webapps\fruitserviceengine.war]
03-Jul-2025 15:13:54.305 INFO [main] org.apache.catalina.startup.ExpandWar.expand An expanded directory [D:\Projects\socket_assingment\FruitServiceEngine\tomcat9\webapps\fruitserviceengine] was found with a last modified time that did not match the associated WAR. It will be deleted.
03-Jul-2025 15:13:54.949 SEVERE [main] org.apache.catalina.startup.HostConfig.deployWAR Error deploying web application archive [D:\Projects\socket_assingment\FruitServiceEngine\tomcat9\webapps\fruitserviceengine.war]
	java.lang.IllegalStateException: Error starting child
		at org.apache.catalina.core.ContainerBase.addChildInternal(ContainerBase.java:602)
		at org.apache.catalina.core.ContainerBase.addChild(ContainerBase.java:571)
		at org.apache.catalina.core.StandardHost.addChild(StandardHost.java:603)
		at org.apache.catalina.startup.HostConfig.deployWAR(HostConfig.java:1013)
		at org.apache.catalina.startup.HostConfig$DeployWar.run(HostConfig.java:1861)
		at java.base/java.util.concurrent.Executors$RunnableAdapter.call(Executors.java:577)
		at java.base/java.util.concurrent.FutureTask.run(FutureTask.java:317)
		at org.apache.tomcat.util.threads.InlineExecutorService.execute(InlineExecutorService.java:76)
		at java.base/java.util.concurrent.AbstractExecutorService.submit(AbstractExecutorService.java:123)
		at org.apache.catalina.startup.HostConfig.deployWARs(HostConfig.java:817)
		at org.apache.catalina.startup.HostConfig.deployApps(HostConfig.java:468)
		at org.apache.catalina.startup.HostConfig.start(HostConfig.java:1579)
		at org.apache.catalina.startup.HostConfig.lifecycleEvent(HostConfig.java:312)
		at org.apache.catalina.util.LifecycleBase.fireLifecycleEvent(LifecycleBase.java:109)
		at org.apache.catalina.util.LifecycleBase.setStateInternal(LifecycleBase.java:389)
		at org.apache.catalina.util.LifecycleBase.setState(LifecycleBase.java:336)
		at org.apache.catalina.core.ContainerBase.startInternal(ContainerBase.java:776)
		at org.apache.catalina.core.StandardHost.startInternal(StandardHost.java:721)
		at org.apache.catalina.util.LifecycleBase.start(LifecycleBase.java:164)
		at org.apache.catalina.core.ContainerBase$StartChild.call(ContainerBase.java:1203)
		at org.apache.catalina.core.ContainerBase$StartChild.call(ContainerBase.java:1193)
		at java.base/java.util.concurrent.FutureTask.run(FutureTask.java:317)
		at org.apache.tomcat.util.threads.InlineExecutorService.execute(InlineExecutorService.java:76)
		at java.base/java.util.concurrent.AbstractExecutorService.submit(AbstractExecutorService.java:145)
		at org.apache.catalina.core.ContainerBase.startInternal(ContainerBase.java:749)
		at org.apache.catalina.core.StandardEngine.startInternal(StandardEngine.java:211)
		at org.apache.catalina.util.LifecycleBase.start(LifecycleBase.java:164)
		at org.apache.catalina.core.StandardService.startInternal(StandardService.java:412)
		at org.apache.catalina.util.LifecycleBase.start(LifecycleBase.java:164)
		at org.apache.catalina.core.StandardServer.startInternal(StandardServer.java:874)
		at org.apache.catalina.util.LifecycleBase.start(LifecycleBase.java:164)
		at org.apache.catalina.startup.Catalina.start(Catalina.java:739)
		at java.base/jdk.internal.reflect.DirectMethodHandleAccessor.invoke(DirectMethodHandleAccessor.java:104)
		at java.base/java.lang.reflect.Method.invoke(Method.java:578)
		at org.apache.catalina.startup.Bootstrap.start(Bootstrap.java:345)
		at org.apache.catalina.startup.Bootstrap.main(Bootstrap.java:476)
	Caused by: org.apache.catalina.LifecycleException: Failed to start component [StandardEngine[Catalina].StandardHost[localhost].StandardContext[/fruitserviceengine]]
		at org.apache.catalina.util.LifecycleBase.handleSubClassException(LifecycleBase.java:406)
		at org.apache.catalina.util.LifecycleBase.start(LifecycleBase.java:179)
		at org.apache.catalina.core.ContainerBase.addChildInternal(ContainerBase.java:599)
		... 35 more
	Caused by: java.lang.NoClassDefFoundError: server/tasks/Task
		at java.base/java.lang.Class.getDeclaredFields0(Native Method)
		at java.base/java.lang.Class.privateGetDeclaredFields(Class.java:3353)
		at java.base/java.lang.Class.getDeclaredFields(Class.java:2424)
		at org.apache.catalina.util.Introspection.getDeclaredFields(Introspection.java:90)
		at org.apache.catalina.startup.WebAnnotationSet.loadFieldsAnnotation(WebAnnotationSet.java:197)
		at org.apache.catalina.startup.WebAnnotationSet.loadApplicationServletAnnotations(WebAnnotationSet.java:136)
		at org.apache.catalina.startup.WebAnnotationSet.loadApplicationAnnotations(WebAnnotationSet.java:68)
		at org.apache.catalina.startup.ContextConfig.applicationAnnotationsConfig(ContextConfig.java:319)
		at org.apache.catalina.startup.ContextConfig.configureStart(ContextConfig.java:975)
		at org.apache.catalina.startup.ContextConfig.lifecycleEvent(ContextConfig.java:290)
		at org.apache.catalina.util.LifecycleBase.fireLifecycleEvent(LifecycleBase.java:109)
		at org.apache.catalina.core.StandardContext.startInternal(StandardContext.java:4407)
		at org.apache.catalina.util.LifecycleBase.start(LifecycleBase.java:164)
		... 36 more
	Caused by: java.lang.ClassNotFoundException: server.tasks.Task
		at org.apache.catalina.loader.WebappClassLoaderBase.loadClass(WebappClassLoaderBase.java:1354)
		at org.apache.catalina.loader.WebappClassLoaderBase.loadClass(WebappClassLoaderBase.java:1163)
		... 49 more
03-Jul-2025 15:13:54.961 INFO [main] org.apache.catalina.startup.HostConfig.deployWAR Deployment of web application archive [D:\Projects\socket_assingment\FruitServiceEngine\tomcat9\webapps\fruitserviceengine.war] has finished in [713] ms
03-Jul-2025 15:13:54.965 INFO [main] org.apache.catalina.startup.HostConfig.deployDirectory Deploying web application directory [D:\Projects\socket_assingment\FruitServiceEngine\tomcat9\webapps\docs]
03-Jul-2025 15:13:55.480 INFO [main] org.apache.catalina.startup.HostConfig.deployDirectory Deployment of web application directory [D:\Projects\socket_assingment\FruitServiceEngine\tomcat9\webapps\docs] has finished in [515] ms
03-Jul-2025 15:13:55.480 INFO [main] org.apache.catalina.startup.HostConfig.deployDirectory Deploying web application directory [D:\Projects\socket_assingment\FruitServiceEngine\tomcat9\webapps\examples]
03-Jul-2025 15:13:56.538 INFO [main] org.apache.catalina.startup.HostConfig.deployDirectory Deployment of web application directory [D:\Projects\socket_assingment\FruitServiceEngine\tomcat9\webapps\examples] has finished in [1,058] ms
03-Jul-2025 15:13:56.541 INFO [main] org.apache.catalina.startup.HostConfig.deployDirectory Deploying web application directory [D:\Projects\socket_assingment\FruitServiceEngine\tomcat9\webapps\host-manager]
03-Jul-2025 15:13:56.712 INFO [main] org.apache.catalina.startup.HostConfig.deployDirectory Deployment of web application directory [D:\Projects\socket_assingment\FruitServiceEngine\tomcat9\webapps\host-manager] has finished in [172] ms
03-Jul-2025 15:13:56.713 INFO [main] org.apache.catalina.startup.HostConfig.deployDirectory Deploying web application directory [D:\Projects\socket_assingment\FruitServiceEngine\tomcat9\webapps\manager]
03-Jul-2025 15:13:56.824 INFO [main] org.apache.catalina.startup.HostConfig.deployDirectory Deployment of web application directory [D:\Projects\socket_assingment\FruitServiceEngine\tomcat9\webapps\manager] has finished in [110] ms
03-Jul-2025 15:13:56.826 INFO [main] org.apache.catalina.startup.HostConfig.deployDirectory Deploying web application directory [D:\Projects\socket_assingment\FruitServiceEngine\tomcat9\webapps\ROOT]
03-Jul-2025 15:13:56.931 INFO [main] org.apache.catalina.startup.HostConfig.deployDirectory Deployment of web application directory [D:\Projects\socket_assingment\FruitServiceEngine\tomcat9\webapps\ROOT] has finished in [106] ms
03-Jul-2025 15:13:56.950 INFO [main] org.apache.coyote.AbstractProtocol.start Starting ProtocolHandler ["http-nio-8080"]
03-Jul-2025 15:13:57.098 INFO [main] org.apache.catalina.startup.Catalina.start Server startup in [3066] milliseconds
03-Jul-2025 15:28:39.845 INFO [Catalina-utility-2] org.apache.catalina.startup.HostConfig.undeploy Undeploying context [/fruitserviceengine]
03-Jul-2025 15:30:47.304 INFO [Thread-1] org.apache.coyote.AbstractProtocol.pause Pausing ProtocolHandler ["http-nio-8080"]
03-Jul-2025 15:30:48.555 INFO [Thread-1] org.apache.catalina.core.StandardService.stopInternal Stopping service [Catalina]
03-Jul-2025 15:30:48.662 INFO [Thread-1] org.apache.coyote.AbstractProtocol.stop Stopping ProtocolHandler ["http-nio-8080"]
03-Jul-2025 15:30:48.720 INFO [Thread-1] org.apache.coyote.AbstractProtocol.destroy Destroying ProtocolHandler ["http-nio-8080"]
03-Jul-2025 15:31:29.999 INFO [main] org.apache.catalina.startup.VersionLoggerListener.log Server version name:   Apache Tomcat/9.0.106
03-Jul-2025 15:31:30.019 INFO [main] org.apache.catalina.startup.VersionLoggerListener.log Server built:          Jun 5 2025 19:02:30 UTC
03-Jul-2025 15:31:30.024 INFO [main] org.apache.catalina.startup.VersionLoggerListener.log Server version number: 9.0.106.0
03-Jul-2025 15:31:30.025 INFO [main] org.apache.catalina.startup.VersionLoggerListener.log OS Name:               Windows 11
03-Jul-2025 15:31:30.026 INFO [main] org.apache.catalina.startup.VersionLoggerListener.log OS Version:            10.0
03-Jul-2025 15:31:30.027 INFO [main] org.apache.catalina.startup.VersionLoggerListener.log Architecture:          amd64
03-Jul-2025 15:31:30.028 INFO [main] org.apache.catalina.startup.VersionLoggerListener.log Java Home:             C:\Program Files\Java\jdk-19
03-Jul-2025 15:31:30.029 INFO [main] org.apache.catalina.startup.VersionLoggerListener.log JVM Version:           19.0.1+10-21
03-Jul-2025 15:31:30.030 INFO [main] org.apache.catalina.startup.VersionLoggerListener.log JVM Vendor:            Oracle Corporation
03-Jul-2025 15:31:30.031 INFO [main] org.apache.catalina.startup.VersionLoggerListener.log CATALINA_BASE:         D:\Projects\socket_assingment\FruitServiceEngine\tomcat9
03-Jul-2025 15:31:30.032 INFO [main] org.apache.catalina.startup.VersionLoggerListener.log CATALINA_HOME:         D:\Projects\socket_assingment\FruitServiceEngine\tomcat9
03-Jul-2025 15:31:30.099 INFO [main] org.apache.catalina.startup.VersionLoggerListener.log Command line argument: --add-opens=java.base/java.lang=ALL-UNNAMED
03-Jul-2025 15:31:30.102 INFO [main] org.apache.catalina.startup.VersionLoggerListener.log Command line argument: --add-opens=java.base/java.lang.invoke=ALL-UNNAMED
03-Jul-2025 15:31:30.103 INFO [main] org.apache.catalina.startup.VersionLoggerListener.log Command line argument: --add-opens=java.base/java.lang.reflect=ALL-UNNAMED
03-Jul-2025 15:31:30.104 INFO [main] org.apache.catalina.startup.VersionLoggerListener.log Command line argument: --add-opens=java.base/java.io=ALL-UNNAMED
03-Jul-2025 15:31:30.106 INFO [main] org.apache.catalina.startup.VersionLoggerListener.log Command line argument: --add-opens=java.base/java.util=ALL-UNNAMED
03-Jul-2025 15:31:30.107 INFO [main] org.apache.catalina.startup.VersionLoggerListener.log Command line argument: --add-opens=java.base/java.util.concurrent=ALL-UNNAMED
03-Jul-2025 15:31:30.110 INFO [main] org.apache.catalina.startup.VersionLoggerListener.log Command line argument: --add-opens=java.rmi/sun.rmi.transport=ALL-UNNAMED
03-Jul-2025 15:31:30.111 INFO [main] org.apache.catalina.startup.VersionLoggerListener.log Command line argument: -Djava.util.logging.config.file=D:\Projects\socket_assingment\FruitServiceEngine\tomcat9\conf\logging.properties
03-Jul-2025 15:31:30.112 INFO [main] org.apache.catalina.startup.VersionLoggerListener.log Command line argument: -Djava.util.logging.manager=org.apache.juli.ClassLoaderLogManager
03-Jul-2025 15:31:30.114 INFO [main] org.apache.catalina.startup.VersionLoggerListener.log Command line argument: -Djdk.tls.ephemeralDHKeySize=2048
03-Jul-2025 15:31:30.117 INFO [main] org.apache.catalina.startup.VersionLoggerListener.log Command line argument: -Djava.protocol.handler.pkgs=org.apache.catalina.webresources
03-Jul-2025 15:31:30.118 INFO [main] org.apache.catalina.startup.VersionLoggerListener.log Command line argument: -Dsun.io.useCanonCaches=false
03-Jul-2025 15:31:30.119 INFO [main] org.apache.catalina.startup.VersionLoggerListener.log Command line argument: -Dignore.endorsed.dirs=
03-Jul-2025 15:31:30.121 INFO [main] org.apache.catalina.startup.VersionLoggerListener.log Command line argument: -Dcatalina.base=D:\Projects\socket_assingment\FruitServiceEngine\tomcat9
03-Jul-2025 15:31:30.123 INFO [main] org.apache.catalina.startup.VersionLoggerListener.log Command line argument: -Dcatalina.home=D:\Projects\socket_assingment\FruitServiceEngine\tomcat9
03-Jul-2025 15:31:30.128 INFO [main] org.apache.catalina.startup.VersionLoggerListener.log Command line argument: -Djava.io.tmpdir=D:\Projects\socket_assingment\FruitServiceEngine\tomcat9\temp
03-Jul-2025 15:31:30.149 INFO [main] org.apache.catalina.core.AprLifecycleListener.lifecycleEvent Loaded Apache Tomcat Native library [1.3.1] using APR version [1.7.4].
03-Jul-2025 15:31:30.151 INFO [main] org.apache.catalina.core.AprLifecycleListener.lifecycleEvent APR capabilities: IPv6 [true], sendfile [true], accept filters [false], random [true], UDS [true].
03-Jul-2025 15:31:30.152 INFO [main] org.apache.catalina.core.AprLifecycleListener.lifecycleEvent APR/OpenSSL configuration: useAprConnector [false], useOpenSSL [true]
03-Jul-2025 15:31:30.211 INFO [main] org.apache.catalina.core.AprLifecycleListener.initializeSSL OpenSSL successfully initialized [OpenSSL 3.0.14 4 Jun 2024]
03-Jul-2025 15:31:31.917 INFO [main] org.apache.coyote.AbstractProtocol.init Initializing ProtocolHandler ["http-nio-8080"]
03-Jul-2025 15:31:32.064 INFO [main] org.apache.catalina.startup.Catalina.load Server initialization in [3269] milliseconds
03-Jul-2025 15:31:32.415 INFO [main] org.apache.catalina.core.StandardService.startInternal Starting service [Catalina]
03-Jul-2025 15:31:32.418 INFO [main] org.apache.catalina.core.StandardEngine.startInternal Starting Servlet engine: [Apache Tomcat/9.0.106]
03-Jul-2025 15:31:32.530 INFO [main] org.apache.catalina.startup.HostConfig.deployWAR Deploying web application archive [D:\Projects\socket_assingment\FruitServiceEngine\tomcat9\webapps\fruitserviceengine.war]
03-Jul-2025 15:31:33.918 SEVERE [main] org.apache.catalina.startup.HostConfig.deployWAR Error deploying web application archive [D:\Projects\socket_assingment\FruitServiceEngine\tomcat9\webapps\fruitserviceengine.war]
	java.lang.IllegalStateException: Error starting child
		at org.apache.catalina.core.ContainerBase.addChildInternal(ContainerBase.java:602)
		at org.apache.catalina.core.ContainerBase.addChild(ContainerBase.java:571)
		at org.apache.catalina.core.StandardHost.addChild(StandardHost.java:603)
		at org.apache.catalina.startup.HostConfig.deployWAR(HostConfig.java:1013)
		at org.apache.catalina.startup.HostConfig$DeployWar.run(HostConfig.java:1861)
		at java.base/java.util.concurrent.Executors$RunnableAdapter.call(Executors.java:577)
		at java.base/java.util.concurrent.FutureTask.run(FutureTask.java:317)
		at org.apache.tomcat.util.threads.InlineExecutorService.execute(InlineExecutorService.java:76)
		at java.base/java.util.concurrent.AbstractExecutorService.submit(AbstractExecutorService.java:123)
		at org.apache.catalina.startup.HostConfig.deployWARs(HostConfig.java:817)
		at org.apache.catalina.startup.HostConfig.deployApps(HostConfig.java:468)
		at org.apache.catalina.startup.HostConfig.start(HostConfig.java:1579)
		at org.apache.catalina.startup.HostConfig.lifecycleEvent(HostConfig.java:312)
		at org.apache.catalina.util.LifecycleBase.fireLifecycleEvent(LifecycleBase.java:109)
		at org.apache.catalina.util.LifecycleBase.setStateInternal(LifecycleBase.java:389)
		at org.apache.catalina.util.LifecycleBase.setState(LifecycleBase.java:336)
		at org.apache.catalina.core.ContainerBase.startInternal(ContainerBase.java:776)
		at org.apache.catalina.core.StandardHost.startInternal(StandardHost.java:721)
		at org.apache.catalina.util.LifecycleBase.start(LifecycleBase.java:164)
		at org.apache.catalina.core.ContainerBase$StartChild.call(ContainerBase.java:1203)
		at org.apache.catalina.core.ContainerBase$StartChild.call(ContainerBase.java:1193)
		at java.base/java.util.concurrent.FutureTask.run(FutureTask.java:317)
		at org.apache.tomcat.util.threads.InlineExecutorService.execute(InlineExecutorService.java:76)
		at java.base/java.util.concurrent.AbstractExecutorService.submit(AbstractExecutorService.java:145)
		at org.apache.catalina.core.ContainerBase.startInternal(ContainerBase.java:749)
		at org.apache.catalina.core.StandardEngine.startInternal(StandardEngine.java:211)
		at org.apache.catalina.util.LifecycleBase.start(LifecycleBase.java:164)
		at org.apache.catalina.core.StandardService.startInternal(StandardService.java:412)
		at org.apache.catalina.util.LifecycleBase.start(LifecycleBase.java:164)
		at org.apache.catalina.core.StandardServer.startInternal(StandardServer.java:874)
		at org.apache.catalina.util.LifecycleBase.start(LifecycleBase.java:164)
		at org.apache.catalina.startup.Catalina.start(Catalina.java:739)
		at java.base/jdk.internal.reflect.DirectMethodHandleAccessor.invoke(DirectMethodHandleAccessor.java:104)
		at java.base/java.lang.reflect.Method.invoke(Method.java:578)
		at org.apache.catalina.startup.Bootstrap.start(Bootstrap.java:345)
		at org.apache.catalina.startup.Bootstrap.main(Bootstrap.java:476)
	Caused by: org.apache.catalina.LifecycleException: Failed to start component [StandardEngine[Catalina].StandardHost[localhost].StandardContext[/fruitserviceengine]]
		at org.apache.catalina.util.LifecycleBase.handleSubClassException(LifecycleBase.java:406)
		at org.apache.catalina.util.LifecycleBase.start(LifecycleBase.java:179)
		at org.apache.catalina.core.ContainerBase.addChildInternal(ContainerBase.java:599)
		... 35 more
	Caused by: java.lang.NoClassDefFoundError: server/tasks/Task
		at java.base/java.lang.Class.getDeclaredFields0(Native Method)
		at java.base/java.lang.Class.privateGetDeclaredFields(Class.java:3353)
		at java.base/java.lang.Class.getDeclaredFields(Class.java:2424)
		at org.apache.catalina.util.Introspection.getDeclaredFields(Introspection.java:90)
		at org.apache.catalina.startup.WebAnnotationSet.loadFieldsAnnotation(WebAnnotationSet.java:197)
		at org.apache.catalina.startup.WebAnnotationSet.loadApplicationServletAnnotations(WebAnnotationSet.java:136)
		at org.apache.catalina.startup.WebAnnotationSet.loadApplicationAnnotations(WebAnnotationSet.java:68)
		at org.apache.catalina.startup.ContextConfig.applicationAnnotationsConfig(ContextConfig.java:319)
		at org.apache.catalina.startup.ContextConfig.configureStart(ContextConfig.java:975)
		at org.apache.catalina.startup.ContextConfig.lifecycleEvent(ContextConfig.java:290)
		at org.apache.catalina.util.LifecycleBase.fireLifecycleEvent(LifecycleBase.java:109)
		at org.apache.catalina.core.StandardContext.startInternal(StandardContext.java:4407)
		at org.apache.catalina.util.LifecycleBase.start(LifecycleBase.java:164)
		... 36 more
	Caused by: java.lang.ClassNotFoundException: server.tasks.Task
		at org.apache.catalina.loader.WebappClassLoaderBase.loadClass(WebappClassLoaderBase.java:1354)
		at org.apache.catalina.loader.WebappClassLoaderBase.loadClass(WebappClassLoaderBase.java:1163)
		... 49 more
03-Jul-2025 15:31:33.954 INFO [main] org.apache.catalina.startup.HostConfig.deployWAR Deployment of web application archive [D:\Projects\socket_assingment\FruitServiceEngine\tomcat9\webapps\fruitserviceengine.war] has finished in [1,421] ms
03-Jul-2025 15:31:33.970 INFO [main] org.apache.catalina.startup.HostConfig.deployDirectory Deploying web application directory [D:\Projects\socket_assingment\FruitServiceEngine\tomcat9\webapps\docs]
03-Jul-2025 15:31:34.872 WARNING [main] org.apache.catalina.util.SessionIdGeneratorBase.createSecureRandom Creation of SecureRandom instance for session ID generation using [SHA1PRNG] took [189] milliseconds.
03-Jul-2025 15:31:34.957 INFO [main] org.apache.catalina.startup.HostConfig.deployDirectory Deployment of web application directory [D:\Projects\socket_assingment\FruitServiceEngine\tomcat9\webapps\docs] has finished in [989] ms
03-Jul-2025 15:31:34.959 INFO [main] org.apache.catalina.startup.HostConfig.deployDirectory Deploying web application directory [D:\Projects\socket_assingment\FruitServiceEngine\tomcat9\webapps\examples]
03-Jul-2025 15:31:37.300 INFO [main] org.apache.catalina.startup.HostConfig.deployDirectory Deployment of web application directory [D:\Projects\socket_assingment\FruitServiceEngine\tomcat9\webapps\examples] has finished in [2,341] ms
03-Jul-2025 15:31:37.302 INFO [main] org.apache.catalina.startup.HostConfig.deployDirectory Deploying web application directory [D:\Projects\socket_assingment\FruitServiceEngine\tomcat9\webapps\host-manager]
03-Jul-2025 15:31:37.541 INFO [main] org.apache.catalina.startup.HostConfig.deployDirectory Deployment of web application directory [D:\Projects\socket_assingment\FruitServiceEngine\tomcat9\webapps\host-manager] has finished in [239] ms
03-Jul-2025 15:31:37.548 INFO [main] org.apache.catalina.startup.HostConfig.deployDirectory Deploying web application directory [D:\Projects\socket_assingment\FruitServiceEngine\tomcat9\webapps\manager]
03-Jul-2025 15:31:38.020 INFO [main] org.apache.catalina.startup.HostConfig.deployDirectory Deployment of web application directory [D:\Projects\socket_assingment\FruitServiceEngine\tomcat9\webapps\manager] has finished in [472] ms
03-Jul-2025 15:31:38.025 INFO [main] org.apache.catalina.startup.HostConfig.deployDirectory Deploying web application directory [D:\Projects\socket_assingment\FruitServiceEngine\tomcat9\webapps\ROOT]
03-Jul-2025 15:31:38.240 INFO [main] org.apache.catalina.startup.HostConfig.deployDirectory Deployment of web application directory [D:\Projects\socket_assingment\FruitServiceEngine\tomcat9\webapps\ROOT] has finished in [214] ms
03-Jul-2025 15:31:38.280 INFO [main] org.apache.coyote.AbstractProtocol.start Starting ProtocolHandler ["http-nio-8080"]
03-Jul-2025 15:31:38.560 INFO [main] org.apache.catalina.startup.Catalina.start Server startup in [6487] milliseconds
03-Jul-2025 15:33:25.038 INFO [Thread-1] org.apache.coyote.AbstractProtocol.pause Pausing ProtocolHandler ["http-nio-8080"]
03-Jul-2025 15:33:26.863 INFO [Thread-1] org.apache.catalina.core.StandardService.stopInternal Stopping service [Catalina]
03-Jul-2025 15:33:26.950 INFO [Thread-1] org.apache.coyote.AbstractProtocol.stop Stopping ProtocolHandler ["http-nio-8080"]
03-Jul-2025 15:33:26.969 INFO [Thread-1] org.apache.coyote.AbstractProtocol.destroy Destroying ProtocolHandler ["http-nio-8080"]
03-Jul-2025 15:36:25.965 SEVERE [main] org.apache.catalina.startup.Catalina.stopServer Could not contact [localhost:8005] (base port [8005] and offset [0]). Tomcat may not be running.
03-Jul-2025 15:36:53.140 INFO [main] org.apache.catalina.startup.VersionLoggerListener.log Server version name:   Apache Tomcat/9.0.106
03-Jul-2025 15:36:53.201 INFO [main] org.apache.catalina.startup.VersionLoggerListener.log Server built:          Jun 5 2025 19:02:30 UTC
03-Jul-2025 15:36:53.206 INFO [main] org.apache.catalina.startup.VersionLoggerListener.log Server version number: 9.0.106.0
03-Jul-2025 15:36:53.208 INFO [main] org.apache.catalina.startup.VersionLoggerListener.log OS Name:               Windows 11
03-Jul-2025 15:36:53.211 INFO [main] org.apache.catalina.startup.VersionLoggerListener.log OS Version:            10.0
03-Jul-2025 15:36:53.213 INFO [main] org.apache.catalina.startup.VersionLoggerListener.log Architecture:          amd64
03-Jul-2025 15:36:53.216 INFO [main] org.apache.catalina.startup.VersionLoggerListener.log Java Home:             C:\Program Files\Java\jdk-19
03-Jul-2025 15:36:53.219 INFO [main] org.apache.catalina.startup.VersionLoggerListener.log JVM Version:           19.0.1+10-21
03-Jul-2025 15:36:53.220 INFO [main] org.apache.catalina.startup.VersionLoggerListener.log JVM Vendor:            Oracle Corporation
03-Jul-2025 15:36:53.229 INFO [main] org.apache.catalina.startup.VersionLoggerListener.log CATALINA_BASE:         D:\Projects\socket_assingment\FruitServiceEngine\tomcat9
03-Jul-2025 15:36:53.233 INFO [main] org.apache.catalina.startup.VersionLoggerListener.log CATALINA_HOME:         D:\Projects\socket_assingment\FruitServiceEngine\tomcat9
03-Jul-2025 15:36:53.312 INFO [main] org.apache.catalina.startup.VersionLoggerListener.log Command line argument: --add-opens=java.base/java.lang=ALL-UNNAMED
03-Jul-2025 15:36:53.314 INFO [main] org.apache.catalina.startup.VersionLoggerListener.log Command line argument: --add-opens=java.base/java.lang.invoke=ALL-UNNAMED
03-Jul-2025 15:36:53.319 INFO [main] org.apache.catalina.startup.VersionLoggerListener.log Command line argument: --add-opens=java.base/java.lang.reflect=ALL-UNNAMED
03-Jul-2025 15:36:53.325 INFO [main] org.apache.catalina.startup.VersionLoggerListener.log Command line argument: --add-opens=java.base/java.io=ALL-UNNAMED
03-Jul-2025 15:36:53.327 INFO [main] org.apache.catalina.startup.VersionLoggerListener.log Command line argument: --add-opens=java.base/java.util=ALL-UNNAMED
03-Jul-2025 15:36:53.329 INFO [main] org.apache.catalina.startup.VersionLoggerListener.log Command line argument: --add-opens=java.base/java.util.concurrent=ALL-UNNAMED
03-Jul-2025 15:36:53.330 INFO [main] org.apache.catalina.startup.VersionLoggerListener.log Command line argument: --add-opens=java.rmi/sun.rmi.transport=ALL-UNNAMED
03-Jul-2025 15:36:53.332 INFO [main] org.apache.catalina.startup.VersionLoggerListener.log Command line argument: -Djava.util.logging.config.file=D:\Projects\socket_assingment\FruitServiceEngine\tomcat9\conf\logging.properties
03-Jul-2025 15:36:53.334 INFO [main] org.apache.catalina.startup.VersionLoggerListener.log Command line argument: -Djava.util.logging.manager=org.apache.juli.ClassLoaderLogManager
03-Jul-2025 15:36:53.336 INFO [main] org.apache.catalina.startup.VersionLoggerListener.log Command line argument: -Djdk.tls.ephemeralDHKeySize=2048
03-Jul-2025 15:36:53.337 INFO [main] org.apache.catalina.startup.VersionLoggerListener.log Command line argument: -Djava.protocol.handler.pkgs=org.apache.catalina.webresources
03-Jul-2025 15:36:53.341 INFO [main] org.apache.catalina.startup.VersionLoggerListener.log Command line argument: -Dsun.io.useCanonCaches=false
03-Jul-2025 15:36:53.343 INFO [main] org.apache.catalina.startup.VersionLoggerListener.log Command line argument: -Dignore.endorsed.dirs=
03-Jul-2025 15:36:53.344 INFO [main] org.apache.catalina.startup.VersionLoggerListener.log Command line argument: -Dcatalina.base=D:\Projects\socket_assingment\FruitServiceEngine\tomcat9
03-Jul-2025 15:36:53.345 INFO [main] org.apache.catalina.startup.VersionLoggerListener.log Command line argument: -Dcatalina.home=D:\Projects\socket_assingment\FruitServiceEngine\tomcat9
03-Jul-2025 15:36:53.349 INFO [main] org.apache.catalina.startup.VersionLoggerListener.log Command line argument: -Djava.io.tmpdir=D:\Projects\socket_assingment\FruitServiceEngine\tomcat9\temp
03-Jul-2025 15:36:53.370 INFO [main] org.apache.catalina.core.AprLifecycleListener.lifecycleEvent Loaded Apache Tomcat Native library [1.3.1] using APR version [1.7.4].
03-Jul-2025 15:36:53.371 INFO [main] org.apache.catalina.core.AprLifecycleListener.lifecycleEvent APR capabilities: IPv6 [true], sendfile [true], accept filters [false], random [true], UDS [true].
03-Jul-2025 15:36:53.374 INFO [main] org.apache.catalina.core.AprLifecycleListener.lifecycleEvent APR/OpenSSL configuration: useAprConnector [false], useOpenSSL [true]
03-Jul-2025 15:36:53.406 INFO [main] org.apache.catalina.core.AprLifecycleListener.initializeSSL OpenSSL successfully initialized [OpenSSL 3.0.14 4 Jun 2024]
03-Jul-2025 15:36:55.758 INFO [main] org.apache.coyote.AbstractProtocol.init Initializing ProtocolHandler ["http-nio-8080"]
03-Jul-2025 15:36:56.023 INFO [main] org.apache.catalina.startup.Catalina.load Server initialization in [4238] milliseconds
03-Jul-2025 15:36:56.467 INFO [main] org.apache.catalina.core.StandardService.startInternal Starting service [Catalina]
03-Jul-2025 15:36:56.472 INFO [main] org.apache.catalina.core.StandardEngine.startInternal Starting Servlet engine: [Apache Tomcat/9.0.106]
03-Jul-2025 15:36:56.624 INFO [main] org.apache.catalina.startup.HostConfig.deployWAR Deploying web application archive [D:\Projects\socket_assingment\FruitServiceEngine\tomcat9\webapps\fruitserviceengine.war]
03-Jul-2025 15:36:58.706 SEVERE [main] org.apache.catalina.startup.HostConfig.deployWAR Error deploying web application archive [D:\Projects\socket_assingment\FruitServiceEngine\tomcat9\webapps\fruitserviceengine.war]
	java.lang.IllegalStateException: Error starting child
		at org.apache.catalina.core.ContainerBase.addChildInternal(ContainerBase.java:602)
		at org.apache.catalina.core.ContainerBase.addChild(ContainerBase.java:571)
		at org.apache.catalina.core.StandardHost.addChild(StandardHost.java:603)
		at org.apache.catalina.startup.HostConfig.deployWAR(HostConfig.java:1013)
		at org.apache.catalina.startup.HostConfig$DeployWar.run(HostConfig.java:1861)
		at java.base/java.util.concurrent.Executors$RunnableAdapter.call(Executors.java:577)
		at java.base/java.util.concurrent.FutureTask.run(FutureTask.java:317)
		at org.apache.tomcat.util.threads.InlineExecutorService.execute(InlineExecutorService.java:76)
		at java.base/java.util.concurrent.AbstractExecutorService.submit(AbstractExecutorService.java:123)
		at org.apache.catalina.startup.HostConfig.deployWARs(HostConfig.java:817)
		at org.apache.catalina.startup.HostConfig.deployApps(HostConfig.java:468)
		at org.apache.catalina.startup.HostConfig.start(HostConfig.java:1579)
		at org.apache.catalina.startup.HostConfig.lifecycleEvent(HostConfig.java:312)
		at org.apache.catalina.util.LifecycleBase.fireLifecycleEvent(LifecycleBase.java:109)
		at org.apache.catalina.util.LifecycleBase.setStateInternal(LifecycleBase.java:389)
		at org.apache.catalina.util.LifecycleBase.setState(LifecycleBase.java:336)
		at org.apache.catalina.core.ContainerBase.startInternal(ContainerBase.java:776)
		at org.apache.catalina.core.StandardHost.startInternal(StandardHost.java:721)
		at org.apache.catalina.util.LifecycleBase.start(LifecycleBase.java:164)
		at org.apache.catalina.core.ContainerBase$StartChild.call(ContainerBase.java:1203)
		at org.apache.catalina.core.ContainerBase$StartChild.call(ContainerBase.java:1193)
		at java.base/java.util.concurrent.FutureTask.run(FutureTask.java:317)
		at org.apache.tomcat.util.threads.InlineExecutorService.execute(InlineExecutorService.java:76)
		at java.base/java.util.concurrent.AbstractExecutorService.submit(AbstractExecutorService.java:145)
		at org.apache.catalina.core.ContainerBase.startInternal(ContainerBase.java:749)
		at org.apache.catalina.core.StandardEngine.startInternal(StandardEngine.java:211)
		at org.apache.catalina.util.LifecycleBase.start(LifecycleBase.java:164)
		at org.apache.catalina.core.StandardService.startInternal(StandardService.java:412)
		at org.apache.catalina.util.LifecycleBase.start(LifecycleBase.java:164)
		at org.apache.catalina.core.StandardServer.startInternal(StandardServer.java:874)
		at org.apache.catalina.util.LifecycleBase.start(LifecycleBase.java:164)
		at org.apache.catalina.startup.Catalina.start(Catalina.java:739)
		at java.base/jdk.internal.reflect.DirectMethodHandleAccessor.invoke(DirectMethodHandleAccessor.java:104)
		at java.base/java.lang.reflect.Method.invoke(Method.java:578)
		at org.apache.catalina.startup.Bootstrap.start(Bootstrap.java:345)
		at org.apache.catalina.startup.Bootstrap.main(Bootstrap.java:476)
	Caused by: org.apache.catalina.LifecycleException: Failed to start component [StandardEngine[Catalina].StandardHost[localhost].StandardContext[/fruitserviceengine]]
		at org.apache.catalina.util.LifecycleBase.handleSubClassException(LifecycleBase.java:406)
		at org.apache.catalina.util.LifecycleBase.start(LifecycleBase.java:179)
		at org.apache.catalina.core.ContainerBase.addChildInternal(ContainerBase.java:599)
		... 35 more
	Caused by: java.lang.UnsupportedClassVersionError: server/tasks/Task has been compiled by a more recent version of the Java Runtime (class file version 68.0), this version of the Java Runtime only recognizes class file versions up to 63.0 (unable to load class [server.tasks.Task])
		at org.apache.catalina.loader.WebappClassLoaderBase.findClassInternal(WebappClassLoaderBase.java:2346)
		at org.apache.catalina.loader.WebappClassLoaderBase.findClassInternal(WebappClassLoaderBase.java:2216)
		at org.apache.catalina.loader.WebappClassLoaderBase.findClass(WebappClassLoaderBase.java:824)
		at org.apache.catalina.loader.WebappClassLoaderBase.loadClass(WebappClassLoaderBase.java:1315)
		at org.apache.catalina.loader.WebappClassLoaderBase.loadClass(WebappClassLoaderBase.java:1163)
		at java.base/java.lang.Class.getDeclaredFields0(Native Method)
		at java.base/java.lang.Class.privateGetDeclaredFields(Class.java:3353)
		at java.base/java.lang.Class.getDeclaredFields(Class.java:2424)
		at org.apache.catalina.util.Introspection.getDeclaredFields(Introspection.java:90)
		at org.apache.catalina.startup.WebAnnotationSet.loadFieldsAnnotation(WebAnnotationSet.java:197)
		at org.apache.catalina.startup.WebAnnotationSet.loadApplicationServletAnnotations(WebAnnotationSet.java:136)
		at org.apache.catalina.startup.WebAnnotationSet.loadApplicationAnnotations(WebAnnotationSet.java:68)
		at org.apache.catalina.startup.ContextConfig.applicationAnnotationsConfig(ContextConfig.java:319)
		at org.apache.catalina.startup.ContextConfig.configureStart(ContextConfig.java:975)
		at org.apache.catalina.startup.ContextConfig.lifecycleEvent(ContextConfig.java:290)
		at org.apache.catalina.util.LifecycleBase.fireLifecycleEvent(LifecycleBase.java:109)
		at org.apache.catalina.core.StandardContext.startInternal(StandardContext.java:4407)
		at org.apache.catalina.util.LifecycleBase.start(LifecycleBase.java:164)
		... 36 more
03-Jul-2025 15:36:58.725 INFO [main] org.apache.catalina.startup.HostConfig.deployWAR Deployment of web application archive [D:\Projects\socket_assingment\FruitServiceEngine\tomcat9\webapps\fruitserviceengine.war] has finished in [2,098] ms
03-Jul-2025 15:36:58.736 INFO [main] org.apache.catalina.startup.HostConfig.deployDirectory Deploying web application directory [D:\Projects\socket_assingment\FruitServiceEngine\tomcat9\webapps\docs]
03-Jul-2025 15:36:59.936 WARNING [main] org.apache.catalina.util.SessionIdGeneratorBase.createSecureRandom Creation of SecureRandom instance for session ID generation using [SHA1PRNG] took [209] milliseconds.
03-Jul-2025 15:37:00.006 INFO [main] org.apache.catalina.startup.HostConfig.deployDirectory Deployment of web application directory [D:\Projects\socket_assingment\FruitServiceEngine\tomcat9\webapps\docs] has finished in [1,270] ms
03-Jul-2025 15:37:00.009 INFO [main] org.apache.catalina.startup.HostConfig.deployDirectory Deploying web application directory [D:\Projects\socket_assingment\FruitServiceEngine\tomcat9\webapps\examples]
03-Jul-2025 15:37:02.966 INFO [main] org.apache.catalina.startup.HostConfig.deployDirectory Deployment of web application directory [D:\Projects\socket_assingment\FruitServiceEngine\tomcat9\webapps\examples] has finished in [2,957] ms
03-Jul-2025 15:37:02.972 INFO [main] org.apache.catalina.startup.HostConfig.deployDirectory Deploying web application directory [D:\Projects\socket_assingment\FruitServiceEngine\tomcat9\webapps\host-manager]
03-Jul-2025 15:37:03.323 INFO [main] org.apache.catalina.startup.HostConfig.deployDirectory Deployment of web application directory [D:\Projects\socket_assingment\FruitServiceEngine\tomcat9\webapps\host-manager] has finished in [346] ms
03-Jul-2025 15:37:03.328 INFO [main] org.apache.catalina.startup.HostConfig.deployDirectory Deploying web application directory [D:\Projects\socket_assingment\FruitServiceEngine\tomcat9\webapps\manager]
03-Jul-2025 15:37:03.835 INFO [main] org.apache.catalina.startup.HostConfig.deployDirectory Deployment of web application directory [D:\Projects\socket_assingment\FruitServiceEngine\tomcat9\webapps\manager] has finished in [504] ms
03-Jul-2025 15:37:03.838 INFO [main] org.apache.catalina.startup.HostConfig.deployDirectory Deploying web application directory [D:\Projects\socket_assingment\FruitServiceEngine\tomcat9\webapps\ROOT]
03-Jul-2025 15:37:04.058 INFO [main] org.apache.catalina.startup.HostConfig.deployDirectory Deployment of web application directory [D:\Projects\socket_assingment\FruitServiceEngine\tomcat9\webapps\ROOT] has finished in [222] ms
03-Jul-2025 15:37:04.099 INFO [main] org.apache.coyote.AbstractProtocol.start Starting ProtocolHandler ["http-nio-8080"]
03-Jul-2025 15:37:04.482 INFO [main] org.apache.catalina.startup.Catalina.start Server startup in [8428] milliseconds
03-Jul-2025 15:50:07.765 INFO [Thread-1] org.apache.coyote.AbstractProtocol.pause Pausing ProtocolHandler ["http-nio-8080"]
03-Jul-2025 15:50:10.254 INFO [Thread-1] org.apache.catalina.core.StandardService.stopInternal Stopping service [Catalina]
03-Jul-2025 15:50:10.573 INFO [Thread-1] org.apache.coyote.AbstractProtocol.stop Stopping ProtocolHandler ["http-nio-8080"]
03-Jul-2025 15:50:10.637 INFO [Thread-1] org.apache.coyote.AbstractProtocol.destroy Destroying ProtocolHandler ["http-nio-8080"]
03-Jul-2025 15:54:51.214 INFO [main] org.apache.catalina.startup.VersionLoggerListener.log Server version name:   Apache Tomcat/9.0.106
03-Jul-2025 15:54:51.236 INFO [main] org.apache.catalina.startup.VersionLoggerListener.log Server built:          Jun 5 2025 19:02:30 UTC
03-Jul-2025 15:54:51.243 INFO [main] org.apache.catalina.startup.VersionLoggerListener.log Server version number: 9.0.106.0
03-Jul-2025 15:54:51.248 INFO [main] org.apache.catalina.startup.VersionLoggerListener.log OS Name:               Windows 11
03-Jul-2025 15:54:51.250 INFO [main] org.apache.catalina.startup.VersionLoggerListener.log OS Version:            10.0
03-Jul-2025 15:54:51.253 INFO [main] org.apache.catalina.startup.VersionLoggerListener.log Architecture:          amd64
03-Jul-2025 15:54:51.254 INFO [main] org.apache.catalina.startup.VersionLoggerListener.log Java Home:             C:\Program Files\Java\jdk-19
03-Jul-2025 15:54:51.256 INFO [main] org.apache.catalina.startup.VersionLoggerListener.log JVM Version:           19.0.1+10-21
03-Jul-2025 15:54:51.258 INFO [main] org.apache.catalina.startup.VersionLoggerListener.log JVM Vendor:            Oracle Corporation
03-Jul-2025 15:54:51.260 INFO [main] org.apache.catalina.startup.VersionLoggerListener.log CATALINA_BASE:         D:\Projects\socket_assingment\FruitServiceEngine\tomcat9
03-Jul-2025 15:54:51.265 INFO [main] org.apache.catalina.startup.VersionLoggerListener.log CATALINA_HOME:         D:\Projects\socket_assingment\FruitServiceEngine\tomcat9
03-Jul-2025 15:54:51.347 INFO [main] org.apache.catalina.startup.VersionLoggerListener.log Command line argument: --add-opens=java.base/java.lang=ALL-UNNAMED
03-Jul-2025 15:54:51.348 INFO [main] org.apache.catalina.startup.VersionLoggerListener.log Command line argument: --add-opens=java.base/java.lang.invoke=ALL-UNNAMED
03-Jul-2025 15:54:51.352 INFO [main] org.apache.catalina.startup.VersionLoggerListener.log Command line argument: --add-opens=java.base/java.lang.reflect=ALL-UNNAMED
03-Jul-2025 15:54:51.354 INFO [main] org.apache.catalina.startup.VersionLoggerListener.log Command line argument: --add-opens=java.base/java.io=ALL-UNNAMED
03-Jul-2025 15:54:51.355 INFO [main] org.apache.catalina.startup.VersionLoggerListener.log Command line argument: --add-opens=java.base/java.util=ALL-UNNAMED
03-Jul-2025 15:54:51.357 INFO [main] org.apache.catalina.startup.VersionLoggerListener.log Command line argument: --add-opens=java.base/java.util.concurrent=ALL-UNNAMED
03-Jul-2025 15:54:51.359 INFO [main] org.apache.catalina.startup.VersionLoggerListener.log Command line argument: --add-opens=java.rmi/sun.rmi.transport=ALL-UNNAMED
03-Jul-2025 15:54:51.363 INFO [main] org.apache.catalina.startup.VersionLoggerListener.log Command line argument: -Djava.util.logging.config.file=D:\Projects\socket_assingment\FruitServiceEngine\tomcat9\conf\logging.properties
03-Jul-2025 15:54:51.365 INFO [main] org.apache.catalina.startup.VersionLoggerListener.log Command line argument: -Djava.util.logging.manager=org.apache.juli.ClassLoaderLogManager
03-Jul-2025 15:54:51.367 INFO [main] org.apache.catalina.startup.VersionLoggerListener.log Command line argument: -Djdk.tls.ephemeralDHKeySize=2048
03-Jul-2025 15:54:51.368 INFO [main] org.apache.catalina.startup.VersionLoggerListener.log Command line argument: -Djava.protocol.handler.pkgs=org.apache.catalina.webresources
03-Jul-2025 15:54:51.369 INFO [main] org.apache.catalina.startup.VersionLoggerListener.log Command line argument: -Dsun.io.useCanonCaches=false
03-Jul-2025 15:54:51.370 INFO [main] org.apache.catalina.startup.VersionLoggerListener.log Command line argument: -Dignore.endorsed.dirs=
03-Jul-2025 15:54:51.372 INFO [main] org.apache.catalina.startup.VersionLoggerListener.log Command line argument: -Dcatalina.base=D:\Projects\socket_assingment\FruitServiceEngine\tomcat9
03-Jul-2025 15:54:51.373 INFO [main] org.apache.catalina.startup.VersionLoggerListener.log Command line argument: -Dcatalina.home=D:\Projects\socket_assingment\FruitServiceEngine\tomcat9
03-Jul-2025 15:54:51.374 INFO [main] org.apache.catalina.startup.VersionLoggerListener.log Command line argument: -Djava.io.tmpdir=D:\Projects\socket_assingment\FruitServiceEngine\tomcat9\temp
03-Jul-2025 15:54:51.403 INFO [main] org.apache.catalina.core.AprLifecycleListener.lifecycleEvent Loaded Apache Tomcat Native library [1.3.1] using APR version [1.7.4].
03-Jul-2025 15:54:51.404 INFO [main] org.apache.catalina.core.AprLifecycleListener.lifecycleEvent APR capabilities: IPv6 [true], sendfile [true], accept filters [false], random [true], UDS [true].
03-Jul-2025 15:54:51.406 INFO [main] org.apache.catalina.core.AprLifecycleListener.lifecycleEvent APR/OpenSSL configuration: useAprConnector [false], useOpenSSL [true]
03-Jul-2025 15:54:51.473 INFO [main] org.apache.catalina.core.AprLifecycleListener.initializeSSL OpenSSL successfully initialized [OpenSSL 3.0.14 4 Jun 2024]
03-Jul-2025 15:54:53.121 INFO [main] org.apache.coyote.AbstractProtocol.init Initializing ProtocolHandler ["http-nio-8080"]
03-Jul-2025 15:54:53.248 INFO [main] org.apache.catalina.startup.Catalina.load Server initialization in [3534] milliseconds
03-Jul-2025 15:54:53.509 INFO [main] org.apache.catalina.core.StandardService.startInternal Starting service [Catalina]
03-Jul-2025 15:54:53.512 INFO [main] org.apache.catalina.core.StandardEngine.startInternal Starting Servlet engine: [Apache Tomcat/9.0.106]
03-Jul-2025 15:54:53.608 INFO [main] org.apache.catalina.startup.HostConfig.deployWAR Deploying web application archive [D:\Projects\socket_assingment\FruitServiceEngine\tomcat9\webapps\fruitserviceengine.war]
03-Jul-2025 15:54:53.717 INFO [main] org.apache.catalina.startup.ExpandWar.expand An expanded directory [D:\Projects\socket_assingment\FruitServiceEngine\tomcat9\webapps\fruitserviceengine] was found with a last modified time that did not match the associated WAR. It will be deleted.
03-Jul-2025 15:54:56.441 WARNING [main] org.apache.catalina.util.SessionIdGeneratorBase.createSecureRandom Creation of SecureRandom instance for session ID generation using [SHA1PRNG] took [192] milliseconds.
03-Jul-2025 15:54:56.523 INFO [main] org.apache.catalina.startup.HostConfig.deployWAR Deployment of web application archive [D:\Projects\socket_assingment\FruitServiceEngine\tomcat9\webapps\fruitserviceengine.war] has finished in [2,916] ms
03-Jul-2025 15:54:56.529 INFO [main] org.apache.catalina.startup.HostConfig.deployDirectory Deploying web application directory [D:\Projects\socket_assingment\FruitServiceEngine\tomcat9\webapps\docs]
03-Jul-2025 15:54:56.711 INFO [main] org.apache.catalina.startup.HostConfig.deployDirectory Deployment of web application directory [D:\Projects\socket_assingment\FruitServiceEngine\tomcat9\webapps\docs] has finished in [182] ms
03-Jul-2025 15:54:56.712 INFO [main] org.apache.catalina.startup.HostConfig.deployDirectory Deploying web application directory [D:\Projects\socket_assingment\FruitServiceEngine\tomcat9\webapps\examples]
03-Jul-2025 15:54:58.511 INFO [main] org.apache.catalina.startup.HostConfig.deployDirectory Deployment of web application directory [D:\Projects\socket_assingment\FruitServiceEngine\tomcat9\webapps\examples] has finished in [1,798] ms
03-Jul-2025 15:54:58.513 INFO [main] org.apache.catalina.startup.HostConfig.deployDirectory Deploying web application directory [D:\Projects\socket_assingment\FruitServiceEngine\tomcat9\webapps\host-manager]
03-Jul-2025 15:54:58.669 INFO [main] org.apache.catalina.startup.HostConfig.deployDirectory Deployment of web application directory [D:\Projects\socket_assingment\FruitServiceEngine\tomcat9\webapps\host-manager] has finished in [156] ms
03-Jul-2025 15:54:58.671 INFO [main] org.apache.catalina.startup.HostConfig.deployDirectory Deploying web application directory [D:\Projects\socket_assingment\FruitServiceEngine\tomcat9\webapps\manager]
03-Jul-2025 15:54:58.826 INFO [main] org.apache.catalina.startup.HostConfig.deployDirectory Deployment of web application directory [D:\Projects\socket_assingment\FruitServiceEngine\tomcat9\webapps\manager] has finished in [155] ms
03-Jul-2025 15:54:58.827 INFO [main] org.apache.catalina.startup.HostConfig.deployDirectory Deploying web application directory [D:\Projects\socket_assingment\FruitServiceEngine\tomcat9\webapps\ROOT]
03-Jul-2025 15:54:58.941 INFO [main] org.apache.catalina.startup.HostConfig.deployDirectory Deployment of web application directory [D:\Projects\socket_assingment\FruitServiceEngine\tomcat9\webapps\ROOT] has finished in [113] ms
03-Jul-2025 15:54:58.962 INFO [main] org.apache.coyote.AbstractProtocol.start Starting ProtocolHandler ["http-nio-8080"]
03-Jul-2025 15:54:59.214 INFO [main] org.apache.catalina.startup.Catalina.start Server startup in [5958] milliseconds
03-Jul-2025 16:50:30.692 INFO [main] org.apache.catalina.startup.VersionLoggerListener.log Server version name:   Apache Tomcat/9.0.106
03-Jul-2025 16:50:30.703 INFO [main] org.apache.catalina.startup.VersionLoggerListener.log Server built:          Jun 5 2025 19:02:30 UTC
03-Jul-2025 16:50:30.704 INFO [main] org.apache.catalina.startup.VersionLoggerListener.log Server version number: 9.0.106.0
03-Jul-2025 16:50:30.704 INFO [main] org.apache.catalina.startup.VersionLoggerListener.log OS Name:               Windows 11
03-Jul-2025 16:50:30.705 INFO [main] org.apache.catalina.startup.VersionLoggerListener.log OS Version:            10.0
03-Jul-2025 16:50:30.706 INFO [main] org.apache.catalina.startup.VersionLoggerListener.log Architecture:          amd64
03-Jul-2025 16:50:30.706 INFO [main] org.apache.catalina.startup.VersionLoggerListener.log Java Home:             C:\Program Files\Java\jdk-19
03-Jul-2025 16:50:30.706 INFO [main] org.apache.catalina.startup.VersionLoggerListener.log JVM Version:           19.0.1+10-21
03-Jul-2025 16:50:30.707 INFO [main] org.apache.catalina.startup.VersionLoggerListener.log JVM Vendor:            Oracle Corporation
03-Jul-2025 16:50:30.707 INFO [main] org.apache.catalina.startup.VersionLoggerListener.log CATALINA_BASE:         D:\Projects\socket_assingment\FruitServiceEngine\tomcat9
03-Jul-2025 16:50:30.708 INFO [main] org.apache.catalina.startup.VersionLoggerListener.log CATALINA_HOME:         D:\Projects\socket_assingment\FruitServiceEngine\tomcat9
03-Jul-2025 16:50:30.744 INFO [main] org.apache.catalina.startup.VersionLoggerListener.log Command line argument: --add-opens=java.base/java.lang=ALL-UNNAMED
03-Jul-2025 16:50:30.745 INFO [main] org.apache.catalina.startup.VersionLoggerListener.log Command line argument: --add-opens=java.base/java.lang.invoke=ALL-UNNAMED
03-Jul-2025 16:50:30.746 INFO [main] org.apache.catalina.startup.VersionLoggerListener.log Command line argument: --add-opens=java.base/java.lang.reflect=ALL-UNNAMED
03-Jul-2025 16:50:30.746 INFO [main] org.apache.catalina.startup.VersionLoggerListener.log Command line argument: --add-opens=java.base/java.io=ALL-UNNAMED
03-Jul-2025 16:50:30.748 INFO [main] org.apache.catalina.startup.VersionLoggerListener.log Command line argument: --add-opens=java.base/java.util=ALL-UNNAMED
03-Jul-2025 16:50:30.748 INFO [main] org.apache.catalina.startup.VersionLoggerListener.log Command line argument: --add-opens=java.base/java.util.concurrent=ALL-UNNAMED
03-Jul-2025 16:50:30.749 INFO [main] org.apache.catalina.startup.VersionLoggerListener.log Command line argument: --add-opens=java.rmi/sun.rmi.transport=ALL-UNNAMED
03-Jul-2025 16:50:30.749 INFO [main] org.apache.catalina.startup.VersionLoggerListener.log Command line argument: -Djava.util.logging.config.file=D:\Projects\socket_assingment\FruitServiceEngine\tomcat9\conf\logging.properties
03-Jul-2025 16:50:30.750 INFO [main] org.apache.catalina.startup.VersionLoggerListener.log Command line argument: -Djava.util.logging.manager=org.apache.juli.ClassLoaderLogManager
03-Jul-2025 16:50:30.751 INFO [main] org.apache.catalina.startup.VersionLoggerListener.log Command line argument: -Djdk.tls.ephemeralDHKeySize=2048
03-Jul-2025 16:50:30.751 INFO [main] org.apache.catalina.startup.VersionLoggerListener.log Command line argument: -Djava.protocol.handler.pkgs=org.apache.catalina.webresources
03-Jul-2025 16:50:30.752 INFO [main] org.apache.catalina.startup.VersionLoggerListener.log Command line argument: -Dsun.io.useCanonCaches=false
03-Jul-2025 16:50:30.752 INFO [main] org.apache.catalina.startup.VersionLoggerListener.log Command line argument: -Dignore.endorsed.dirs=
03-Jul-2025 16:50:30.753 INFO [main] org.apache.catalina.startup.VersionLoggerListener.log Command line argument: -Dcatalina.base=D:\Projects\socket_assingment\FruitServiceEngine\tomcat9
03-Jul-2025 16:50:30.754 INFO [main] org.apache.catalina.startup.VersionLoggerListener.log Command line argument: -Dcatalina.home=D:\Projects\socket_assingment\FruitServiceEngine\tomcat9
03-Jul-2025 16:50:30.754 INFO [main] org.apache.catalina.startup.VersionLoggerListener.log Command line argument: -Djava.io.tmpdir=D:\Projects\socket_assingment\FruitServiceEngine\tomcat9\temp
03-Jul-2025 16:50:30.921 INFO [main] org.apache.catalina.core.AprLifecycleListener.lifecycleEvent Loaded Apache Tomcat Native library [1.3.1] using APR version [1.7.4].
03-Jul-2025 16:50:30.921 INFO [main] org.apache.catalina.core.AprLifecycleListener.lifecycleEvent APR capabilities: IPv6 [true], sendfile [true], accept filters [false], random [true], UDS [true].
03-Jul-2025 16:50:30.922 INFO [main] org.apache.catalina.core.AprLifecycleListener.lifecycleEvent APR/OpenSSL configuration: useAprConnector [false], useOpenSSL [true]
03-Jul-2025 16:50:30.955 INFO [main] org.apache.catalina.core.AprLifecycleListener.initializeSSL OpenSSL successfully initialized [OpenSSL 3.0.14 4 Jun 2024]
03-Jul-2025 16:50:31.708 INFO [main] org.apache.coyote.AbstractProtocol.init Initializing ProtocolHandler ["http-nio-8080"]
03-Jul-2025 16:50:31.766 INFO [main] org.apache.catalina.startup.Catalina.load Server initialization in [1578] milliseconds
03-Jul-2025 16:50:31.894 INFO [main] org.apache.catalina.core.StandardService.startInternal Starting service [Catalina]
03-Jul-2025 16:50:31.894 INFO [main] org.apache.catalina.core.StandardEngine.startInternal Starting Servlet engine: [Apache Tomcat/9.0.106]
03-Jul-2025 16:50:32.309 INFO [main] org.apache.catalina.startup.HostConfig.deployWAR Deploying web application archive [D:\Projects\socket_assingment\FruitServiceEngine\tomcat9\webapps\fruitserviceengine.war]
03-Jul-2025 16:50:33.139 INFO [main] org.apache.catalina.startup.HostConfig.deployWAR Deployment of web application archive [D:\Projects\socket_assingment\FruitServiceEngine\tomcat9\webapps\fruitserviceengine.war] has finished in [830] ms
03-Jul-2025 16:50:33.141 INFO [main] org.apache.catalina.startup.HostConfig.deployDirectory Deploying web application directory [D:\Projects\socket_assingment\FruitServiceEngine\tomcat9\webapps\docs]
03-Jul-2025 16:50:33.206 INFO [main] org.apache.catalina.startup.HostConfig.deployDirectory Deployment of web application directory [D:\Projects\socket_assingment\FruitServiceEngine\tomcat9\webapps\docs] has finished in [64] ms
03-Jul-2025 16:50:33.207 INFO [main] org.apache.catalina.startup.HostConfig.deployDirectory Deploying web application directory [D:\Projects\socket_assingment\FruitServiceEngine\tomcat9\webapps\examples]
03-Jul-2025 16:50:34.593 INFO [main] org.apache.catalina.startup.HostConfig.deployDirectory Deployment of web application directory [D:\Projects\socket_assingment\FruitServiceEngine\tomcat9\webapps\examples] has finished in [1,387] ms
03-Jul-2025 16:50:34.594 INFO [main] org.apache.catalina.startup.HostConfig.deployDirectory Deploying web application directory [D:\Projects\socket_assingment\FruitServiceEngine\tomcat9\webapps\host-manager]
03-Jul-2025 16:50:34.673 INFO [main] org.apache.catalina.startup.HostConfig.deployDirectory Deployment of web application directory [D:\Projects\socket_assingment\FruitServiceEngine\tomcat9\webapps\host-manager] has finished in [79] ms
03-Jul-2025 16:50:34.674 INFO [main] org.apache.catalina.startup.HostConfig.deployDirectory Deploying web application directory [D:\Projects\socket_assingment\FruitServiceEngine\tomcat9\webapps\manager]
03-Jul-2025 16:50:34.740 INFO [main] org.apache.catalina.startup.HostConfig.deployDirectory Deployment of web application directory [D:\Projects\socket_assingment\FruitServiceEngine\tomcat9\webapps\manager] has finished in [66] ms
03-Jul-2025 16:50:34.741 INFO [main] org.apache.catalina.startup.HostConfig.deployDirectory Deploying web application directory [D:\Projects\socket_assingment\FruitServiceEngine\tomcat9\webapps\ROOT]
03-Jul-2025 16:50:34.789 INFO [main] org.apache.catalina.startup.HostConfig.deployDirectory Deployment of web application directory [D:\Projects\socket_assingment\FruitServiceEngine\tomcat9\webapps\ROOT] has finished in [47] ms
03-Jul-2025 16:50:34.801 INFO [main] org.apache.coyote.AbstractProtocol.start Starting ProtocolHandler ["http-nio-8080"]
03-Jul-2025 16:50:34.931 INFO [main] org.apache.catalina.startup.Catalina.start Server startup in [3162] milliseconds
03-Jul-2025 17:06:02.953 INFO [Thread-1] org.apache.coyote.AbstractProtocol.pause Pausing ProtocolHandler ["http-nio-8080"]
03-Jul-2025 17:06:03.923 INFO [Thread-1] org.apache.catalina.core.StandardService.stopInternal Stopping service [Catalina]
03-Jul-2025 17:06:03.990 INFO [Thread-1] org.apache.coyote.AbstractProtocol.stop Stopping ProtocolHandler ["http-nio-8080"]
03-Jul-2025 17:06:04.011 INFO [Thread-1] org.apache.coyote.AbstractProtocol.destroy Destroying ProtocolHandler ["http-nio-8080"]
03-Jul-2025 17:10:13.715 SEVERE [main] org.apache.catalina.startup.Catalina.stopServer Could not contact [localhost:8005] (base port [8005] and offset [0]). Tomcat may not be running.
03-Jul-2025 17:10:41.951 INFO [main] org.apache.catalina.startup.VersionLoggerListener.log Server version name:   Apache Tomcat/9.0.106
03-Jul-2025 17:10:41.962 INFO [main] org.apache.catalina.startup.VersionLoggerListener.log Server built:          Jun 5 2025 19:02:30 UTC
03-Jul-2025 17:10:41.963 INFO [main] org.apache.catalina.startup.VersionLoggerListener.log Server version number: 9.0.106.0
03-Jul-2025 17:10:41.964 INFO [main] org.apache.catalina.startup.VersionLoggerListener.log OS Name:               Windows 11
03-Jul-2025 17:10:41.965 INFO [main] org.apache.catalina.startup.VersionLoggerListener.log OS Version:            10.0
03-Jul-2025 17:10:41.965 INFO [main] org.apache.catalina.startup.VersionLoggerListener.log Architecture:          amd64
03-Jul-2025 17:10:41.966 INFO [main] org.apache.catalina.startup.VersionLoggerListener.log Java Home:             C:\Program Files\Java\jdk-19
03-Jul-2025 17:10:41.967 INFO [main] org.apache.catalina.startup.VersionLoggerListener.log JVM Version:           19.0.1+10-21
03-Jul-2025 17:10:41.968 INFO [main] org.apache.catalina.startup.VersionLoggerListener.log JVM Vendor:            Oracle Corporation
03-Jul-2025 17:10:41.968 INFO [main] org.apache.catalina.startup.VersionLoggerListener.log CATALINA_BASE:         D:\Projects\socket_assingment\FruitServiceEngine\tomcat9
03-Jul-2025 17:10:41.969 INFO [main] org.apache.catalina.startup.VersionLoggerListener.log CATALINA_HOME:         D:\Projects\socket_assingment\FruitServiceEngine\tomcat9
03-Jul-2025 17:10:42.003 INFO [main] org.apache.catalina.startup.VersionLoggerListener.log Command line argument: --add-opens=java.base/java.lang=ALL-UNNAMED
03-Jul-2025 17:10:42.004 INFO [main] org.apache.catalina.startup.VersionLoggerListener.log Command line argument: --add-opens=java.base/java.lang.invoke=ALL-UNNAMED
03-Jul-2025 17:10:42.005 INFO [main] org.apache.catalina.startup.VersionLoggerListener.log Command line argument: --add-opens=java.base/java.lang.reflect=ALL-UNNAMED
03-Jul-2025 17:10:42.006 INFO [main] org.apache.catalina.startup.VersionLoggerListener.log Command line argument: --add-opens=java.base/java.io=ALL-UNNAMED
03-Jul-2025 17:10:42.007 INFO [main] org.apache.catalina.startup.VersionLoggerListener.log Command line argument: --add-opens=java.base/java.util=ALL-UNNAMED
03-Jul-2025 17:10:42.007 INFO [main] org.apache.catalina.startup.VersionLoggerListener.log Command line argument: --add-opens=java.base/java.util.concurrent=ALL-UNNAMED
03-Jul-2025 17:10:42.008 INFO [main] org.apache.catalina.startup.VersionLoggerListener.log Command line argument: --add-opens=java.rmi/sun.rmi.transport=ALL-UNNAMED
03-Jul-2025 17:10:42.009 INFO [main] org.apache.catalina.startup.VersionLoggerListener.log Command line argument: -Djava.util.logging.config.file=D:\Projects\socket_assingment\FruitServiceEngine\tomcat9\conf\logging.properties
03-Jul-2025 17:10:42.009 INFO [main] org.apache.catalina.startup.VersionLoggerListener.log Command line argument: -Djava.util.logging.manager=org.apache.juli.ClassLoaderLogManager
03-Jul-2025 17:10:42.010 INFO [main] org.apache.catalina.startup.VersionLoggerListener.log Command line argument: -Djdk.tls.ephemeralDHKeySize=2048
03-Jul-2025 17:10:42.011 INFO [main] org.apache.catalina.startup.VersionLoggerListener.log Command line argument: -Djava.protocol.handler.pkgs=org.apache.catalina.webresources
03-Jul-2025 17:10:42.011 INFO [main] org.apache.catalina.startup.VersionLoggerListener.log Command line argument: -Dsun.io.useCanonCaches=false
03-Jul-2025 17:10:42.012 INFO [main] org.apache.catalina.startup.VersionLoggerListener.log Command line argument: -Dignore.endorsed.dirs=
03-Jul-2025 17:10:42.013 INFO [main] org.apache.catalina.startup.VersionLoggerListener.log Command line argument: -Dcatalina.base=D:\Projects\socket_assingment\FruitServiceEngine\tomcat9
03-Jul-2025 17:10:42.014 INFO [main] org.apache.catalina.startup.VersionLoggerListener.log Command line argument: -Dcatalina.home=D:\Projects\socket_assingment\FruitServiceEngine\tomcat9
03-Jul-2025 17:10:42.015 INFO [main] org.apache.catalina.startup.VersionLoggerListener.log Command line argument: -Djava.io.tmpdir=D:\Projects\socket_assingment\FruitServiceEngine\tomcat9\temp
03-Jul-2025 17:10:42.024 INFO [main] org.apache.catalina.core.AprLifecycleListener.lifecycleEvent Loaded Apache Tomcat Native library [1.3.1] using APR version [1.7.4].
03-Jul-2025 17:10:42.025 INFO [main] org.apache.catalina.core.AprLifecycleListener.lifecycleEvent APR capabilities: IPv6 [true], sendfile [true], accept filters [false], random [true], UDS [true].
03-Jul-2025 17:10:42.025 INFO [main] org.apache.catalina.core.AprLifecycleListener.lifecycleEvent APR/OpenSSL configuration: useAprConnector [false], useOpenSSL [true]
03-Jul-2025 17:10:42.042 INFO [main] org.apache.catalina.core.AprLifecycleListener.initializeSSL OpenSSL successfully initialized [OpenSSL 3.0.14 4 Jun 2024]
03-Jul-2025 17:10:42.881 INFO [main] org.apache.coyote.AbstractProtocol.init Initializing ProtocolHandler ["http-nio-8080"]
03-Jul-2025 17:10:42.948 INFO [main] org.apache.catalina.startup.Catalina.load Server initialization in [1549] milliseconds
03-Jul-2025 17:10:43.125 INFO [main] org.apache.catalina.core.StandardService.startInternal Starting service [Catalina]
03-Jul-2025 17:10:43.126 INFO [main] org.apache.catalina.core.StandardEngine.startInternal Starting Servlet engine: [Apache Tomcat/9.0.106]
03-Jul-2025 17:10:43.561 INFO [main] org.apache.catalina.startup.HostConfig.deployWAR Deploying web application archive [D:\Projects\socket_assingment\FruitServiceEngine\tomcat9\webapps\fruitserviceengine.war]
03-Jul-2025 17:10:43.603 INFO [main] org.apache.catalina.startup.ExpandWar.expand An expanded directory [D:\Projects\socket_assingment\FruitServiceEngine\tomcat9\webapps\fruitserviceengine] was found with a last modified time that did not match the associated WAR. It will be deleted.
03-Jul-2025 17:10:44.762 INFO [main] org.apache.catalina.startup.HostConfig.deployWAR Deployment of web application archive [D:\Projects\socket_assingment\FruitServiceEngine\tomcat9\webapps\fruitserviceengine.war] has finished in [1,200] ms
03-Jul-2025 17:10:44.764 INFO [main] org.apache.catalina.startup.HostConfig.deployDirectory Deploying web application directory [D:\Projects\socket_assingment\FruitServiceEngine\tomcat9\webapps\docs]
03-Jul-2025 17:10:44.852 INFO [main] org.apache.catalina.startup.HostConfig.deployDirectory Deployment of web application directory [D:\Projects\socket_assingment\FruitServiceEngine\tomcat9\webapps\docs] has finished in [87] ms
03-Jul-2025 17:10:44.852 INFO [main] org.apache.catalina.startup.HostConfig.deployDirectory Deploying web application directory [D:\Projects\socket_assingment\FruitServiceEngine\tomcat9\webapps\examples]
03-Jul-2025 17:10:45.912 INFO [main] org.apache.catalina.startup.HostConfig.deployDirectory Deployment of web application directory [D:\Projects\socket_assingment\FruitServiceEngine\tomcat9\webapps\examples] has finished in [1,059] ms
03-Jul-2025 17:10:45.913 INFO [main] org.apache.catalina.startup.HostConfig.deployDirectory Deploying web application directory [D:\Projects\socket_assingment\FruitServiceEngine\tomcat9\webapps\host-manager]
03-Jul-2025 17:10:46.036 INFO [main] org.apache.catalina.startup.HostConfig.deployDirectory Deployment of web application directory [D:\Projects\socket_assingment\FruitServiceEngine\tomcat9\webapps\host-manager] has finished in [123] ms
03-Jul-2025 17:10:46.037 INFO [main] org.apache.catalina.startup.HostConfig.deployDirectory Deploying web application directory [D:\Projects\socket_assingment\FruitServiceEngine\tomcat9\webapps\manager]
03-Jul-2025 17:10:46.137 INFO [main] org.apache.catalina.startup.HostConfig.deployDirectory Deployment of web application directory [D:\Projects\socket_assingment\FruitServiceEngine\tomcat9\webapps\manager] has finished in [99] ms
03-Jul-2025 17:10:46.138 INFO [main] org.apache.catalina.startup.HostConfig.deployDirectory Deploying web application directory [D:\Projects\socket_assingment\FruitServiceEngine\tomcat9\webapps\ROOT]
03-Jul-2025 17:10:46.218 INFO [main] org.apache.catalina.startup.HostConfig.deployDirectory Deployment of web application directory [D:\Projects\socket_assingment\FruitServiceEngine\tomcat9\webapps\ROOT] has finished in [80] ms
03-Jul-2025 17:10:46.239 INFO [main] org.apache.coyote.AbstractProtocol.start Starting ProtocolHandler ["http-nio-8080"]
03-Jul-2025 17:10:46.429 INFO [main] org.apache.catalina.startup.Catalina.start Server startup in [3476] milliseconds
03-Jul-2025 17:25:45.798 INFO [Thread-1] org.apache.coyote.AbstractProtocol.pause Pausing ProtocolHandler ["http-nio-8080"]
03-Jul-2025 17:25:46.550 INFO [Thread-1] org.apache.catalina.core.StandardService.stopInternal Stopping service [Catalina]
03-Jul-2025 17:25:46.590 INFO [Thread-1] org.apache.coyote.AbstractProtocol.stop Stopping ProtocolHandler ["http-nio-8080"]
03-Jul-2025 17:25:46.601 INFO [Thread-1] org.apache.coyote.AbstractProtocol.destroy Destroying ProtocolHandler ["http-nio-8080"]
03-Jul-2025 21:18:47.125 SEVERE [main] org.apache.catalina.startup.Catalina.stopServer Could not contact [localhost:8005] (base port [8005] and offset [0]). Tomcat may not be running.
